Index_Place,City,Name_SMEs,General_Category,Specialty,Price_Range,Rating,Goods,Description,Contact
J_01,Jakarta,Jari Indahati,Craft,Tas Rotan Batik,>50.000,4.5,Souvenir,"Jari Indahati menjual kerajinan tangan berupa tas rotan yang memiliki motif batik. Tas Rotan Jari Indahati berbentuk bulat dan terbuat dari material rotan. Bahan rotan sendiri dikenal dengan keunggulannya yang tahan terhadap cuaca dan ramah lingkungan. Tas rotan ini dilengkapi dengan kompartemen utama yang luas sehingga bisa digunakan untuk menyimpan berbagai jenis barang berukuran kecil, seperti handphone, dompet,kunci, dan lainnya",https://www.instagram.com/jari_indahati/
J_02,Jakarta,AiU Craft,Craft,Tas Kanvas,>50.000,4.9,Souvenir,"AiU Craft menjual kerajinan tangan berupa tas kanvas yang juga dapat dicustom. Tas Kanvas yang dibuat oleh AiU Craft cocok untuk sehari-hari dan berbahan kanvas 100% katun dan dilengkapi dengan resleting. Selain itu, juga terdapat kantung gantung di dalam tas.",https://www.instagram.com/aiucraft/
J_03,Jakarta,Noei Craft,Craft,Souvenir Goni,25.000-50.000,4.8,Souvenir,"Noei Craft menjual souvenir berbahan dasar goni, seperti tas, dompet. Tas berbahan dasar goni yang dibuat oleh Noei Craft dilapisi oleh furing dan dilengkapi oleh resleting. Selain itu, juga cukup untuk menyimpan hp, uang, dan alat rias.",https://www.instagram.com/noeicraft/
J_04,Jakarta,Al zheefa Lombok Craft,Craft,Tas Anyaman,>50.000,5,Souvenir,Al zheefa Lombok Craft didirikan di Jakarta dan menjual kerajinan tangan tas dari anyaman yang cocok digunakan oleh wanita dan dibuat dari bahan yang ramah lingkungan.,https://www.instagram.com/alzheefa.craft/
J_05,Jakarta,Betawi Online Gallery,Craft,"Miniatur Monas, Miniatur Ondel-Ondel",25.000-50.000,4.6,Souvenir,"Betawi Online Gallery menjual berbagai miniatur kekhasan dari Jakarta, seperti miniatur monas dan miniatur ondel-ondel. Miniatur yang dijual oleh Betawi Online Gallery berbahan dasar fiber.",https://www.instagram.com/betawi_online/
J_06,Jakarta,Reyhan Souvenir,Craft,Gantungan Kunci Monas,<25.000,4.7,Souvenir,"Reyhan Souvenir menjual gantungan kunci khas Jakarta, seperti gantungan kunci monas yang terbuat dari resin.",https://shopee.co.id/reyhan_souvenir
J_07,Jakarta,Flanelly Businesz,Craft,Alat Tulis Ondel-Ondel,<25.000,4.8,Souvenir,"Flanelly Businesz menjual alat tulis berkarakter, seperti ondel-ondel dengan bahan dasar kain flanel.",https://shopee.co.id/flanellybusinesz
J_08,Jakarta,Native Borneo,Craft,Tas Anyaman,>50.000,4.9,Souvenir,Native Borneo menjual tas anyaman dengan bahan dasar purun yang juga dilengkapi dengan handle dari eceng gondok.,https://shopee.co.id/nativeborneo
J_09,Jakarta,Poi Poi,Craft,Lampion Kertas Gantung,<25.000,4.9,Souvenir,Poi Poi yang menjual lampion yang terbuat dari kertas dan memiliki diameter 25 cm. Lampion kertas yang dijual oleh Poi-Poi cocok digunakan sebagai hiasan untuk suatu acara dan juga terdiri dari berbagai ukuran.,https://shopee.co.id/poipoishop
J_10,Jakarta,J-Craft,Craft,Masker,<25.000,5,Daily Needs,J-Craft menjual berbagai macam masker berbahan dasar katun dengan motif yang beraneka ragam.,087877444589
J_11,Jakarta,Meblia Wooden Home Furnish & Crafts,Craft,Perlengkapan Rumah berbahan Kayu,>50.000,4.8,Household Items,"Meblia Wooden Home Furnish & Crafts menjual berbagai perlengkapan rumah yang terbuat dari kayu dengan desain modern minimalis, harga terjangkau, dan berkualitas.",0811860318
J_12,Jakarta,Rambu Ata Art & Furniture,Craft,Mebel,>50.000,4.8,Household Items,Rambu Ata Art & Furniture menjual mebel dengan bahan dasar kayu yang berkualitas dan disertai dengan ukiran.,085213388877
J_13,Jakarta,Kotak Pengrajin,Craft,"Nampan, alas piring",>50.000,5,Household Items,"Kotak pengrajin menjual berbagai peralatan rumah, seperti nampan dan alas piring anyaman.",https://shopee.co.id/kotakpengrajin
J_14,Jakarta,Awa Shop,Craft,"Cobek, tampah, bakul nasi",<25.000,4.8,Daily Needs,"Awa Shop menjual berbagai keperluan untuk memasak, seperti cobek, tampah, dan bakul nasi dengan harga yang terjangkau dan berkualitas baik.",https://www.tokopedia.com/awa17
J_15,Jakarta,Batavia Market,Craft,Cobek ,25.000-50.000,4.7,Daily Needs,Batavia Market menjual cobek dan ulekan berbahan dasar kayu pilihan yang cukup ringan dan memiliki berbagai macam ukuran.,https://www.tokopedia.com/bataviamarket
J_16,Jakarta,Tajjaba Natural Ethnical,Craft,"Gelas, Sendok, Garpu, Piring kayu",<25.000,4.6,Daily Needs,"Tajjaba Natural Ethnical menjual gelas, sendok, dan garpu yang berbahan dasar kayu dan telah dipoles menggunakan 100% foodgrade, sehingga aman untuk digunakan.",https://www.tokopedia.com/taajjaba
J_17,Jakarta,Oesing Craft Wood Tableware,Craft,"Piring Kayu Bulat Bersekat, Mangkok Kayu, Sendok Garpu Kayu Jati",25.000-50.000,4.8,Daily Needs,"Oesing Craft Wood Tableware menjual piring kayu bulat dengan sekat yang berbahan dasar kayu akasia solid dan sudah termasuk food grade yang aman untuk makanan. Selain itu, Oesing Craft Wood Tableware juga menjual mangkok kayu dan Sendok Garpu yang berbahan kayu jati",https://shopee.co.id/oesingcraft
J_18,Jakarta,Catkin Handycraft,Craft,Dudukan Bantal Handphone,25.000-50.000,5,Daily Needs,Catkin Handycraft menjual dudukan bantal untuk handphone dengan motif Among Us dan terbuat dari bahan yang lembut,https://www.tokopedia.com/catkinhandycraft
J_19,Jakarta,Brown Bowl,Craft,Pot Tanah Liat,25.000-50.000,4.9,Daily Needs,Brown Bowl menjual pot rantai yang terbuat dari tanah liat dan berwarna terakota.,085265658440
J_20,Jakarta,Dodol Betawi Asli Ibu HJ. Mamas,Munchies,Dodol,25.000-50.000,4.6,Snack,Dodol Betawi Asli Ibu HJ. Mamas menjual dodol khas betawi dengan varian original dan ketan hitam.,(021) 80881977
J_21,Jakarta,Djuragan Tape Uli Betawi,Munchies,Ketan Uli,25.000-50.000,4.9,Snack,Djuragan Tape Uli Betawi menjual ketan uli dengan varian berat yang berbeda-beda dimulai dari per 500 gram.,https://www.tokopedia.com/djuragantapeulii
J_22,Jakarta,Talam Durian Jakarta,Munchies,Kue Talam,>50.000,5,Snack,Talam Durian Jakarta menjual kue talam yang memiliki varian durian dan dijual dengan harga yang terjangkau.,081381360247
J_23,Jakarta,Asinan Sayur Kebon Kacang Yusra,Munchies,Asinan,<25.000,4.6,Street Snacks,"Asinan Sayur Kebon Kacang Yusra menjual berbagai macam asinan, seperti asinan buah dan asinan sayur yang dilengkapi dengan krupuk dan bumbu yang memiliki cita rasa khas.",08118900023
J_24,Jakarta,89 Camilan,Munchies,Kue Cincin,<25.000,4.8,Street Snacks,89 Camilan menjual berbagai macam oleh-oleh khas Jakarta dan salah satu yang menjadi ciri khas toko ini adalah kue cincin yang merupakan jajanan betawi dengan tekstur yang empuk dan renyah.,https://www.tokopedia.com/kuecincin
J_25,Jakarta,Toko Kue Sumber Mas,Munchies,Kue Akar Kelapa,25.000-50.000,4.3,Snack,Toko Kue Sumber Mas menjual makanan ringan kue akar kelapa yang cocok digunakan untuk dijadikan sebagai camilan.,https://www.tokopedia.com/sumbermaskripik
J_26,Jakarta,Neng Mae,Munchies,Biji Ketapang,<25.000,4.8,Street Snacks,Neng Mae menjual biji ketapang. Biji ketapang merupakan makanan yang terbuat dari sagu dan dicampur dengan santan dan gula pasir.,https://www.tokopedia.com/neng-mae
J_27,Jakarta,Cemilan Nomello,Munchies,Pencok Betawi,>50.000,4.7,Snack,"Cemilan Nomello menjual kentang khas betawi yang bernama pencok betawi dengan dua varian, yaitu original dan pedas.",https://www.tokopedia.com/cemilannomello
J_28,Jakarta,Rempeyek De Is Diaspora UMKM,Munchies,Rempeyek,25.000-50.000,5,Snack,Rempeyek De Is Diaspora UMKM menjual peyek kacang yang dilengkapi dengan daun jeruk dan memiliki berat sebesar 200 gram.,081311100220
J_29,Jakarta,Dodol Betawi Hb. Toha,Munchies,Dodol,25.000-50.000,4.8,Snack,"Dodol Betawi Hb. Toha menjual jajanan khas betawi, yaitu dodol dengan berbagai varian, seperti ketan hitam, ketan paris, ketan durian, dan masih banyak lagi.",(021) 8411693
J_30,Jakarta,Kerak Telor Khas Betawi Al Aziz,Munchies,Kerak Telor,<25.000,4,Street Snacks,"Kerak Telor Khas Betawi Al Aziz menjual makanan khas Jakarta, yaitu kerak telor dengan dua pilihan telur, yaitu telur ayam dan telur bebek.",085782241097
J_31,Jakarta,Es Podeng 09,Munchies,Es Podeng,<25.000,5,Street Snacks,"Es Podeng 09 merupakan salah satu tempat yang dapat dituju apabila Anda ingin mencari makanan penutup yang ringan dengan harga yang terjangkau. Penyajian es podeng 09 dilengkapi dengan cendol merah, roti tawar, ketan hitam, alpukat, dan topping, susu coklat, kacang, mesis.",081806775898
J_32,Jakarta,Nadia Jus Buah,Munchies,Jus Buah,<25.000,4.5,Street Snacks,"Nadia Jus Buah merupakan tempat yang cocok bagi orang yang mencari minuman sehat. Sesuai dengan namanya, Nadia Jus Buah menjual beraneka ragam jus buah yang sehat dan menyegarkan.",081219158708
J_33,Jakarta,Freshjus Juice Buah Jus Bubble,Munchies,Jus Buah,<25.000,4.4,Street Snacks,"Freshjus Juice Buah Jus Bubble menjual beraneka ragam jus buah yang dikombinasikan dengan sayuran yang menyehatkan. Selain itu, UMKM ini juga menjual jus dengan topping whip cream yang creamy.",087804373741
J_34,Jakarta,Kerak Telor Bang Doel,Munchies,Kerak Telor,<25.000,4.6,Street Snacks,"Kerak Telor Bang Doel dapat ditemukan di daerah Pasar Baru, Jakarta Pusat. Kerak telor yang dijual oleh Bang Doel terdiri dari dua varian, yaitu menggunakan telor bebek dan telor ayam.",085814161841
J_35,Jakarta,Ketoprak Cobek Pak Yono,F&B,Ketoprak,25.000-50.000,4.7,Main Course,"Ketoprak Cobek Pak Yono dapat ditemukan di daerah Lebak Bulus. Penyajian dari ketoprak cobek Pak Yono dilengkapi oleh telur, toge, ketupat, bihun, kerupuk yang disiram dengan bumbu kacang dengan tekstur halus yang dibuat langsung menggunakan cobek. ",081296808069
J_36,Jakarta,Soto Jakarta Pak Haji Yus,F&B,Soto Betawi,>50.000,4.5,Main Course,"Soto Jakarta Pak Haji Yus menjual soto khas betawi, yaitu soto daging dengan kuah santan. Pilihan daging yang disediakan oleh Soto Jakarta Pak Haji Yus juga meliputi babat, kikil, usus, tulang muda, dan lidah. Selain itu, UMKM ini juga menjual sate kambing yang juga menjadi alternatif lain bagi pengunjung.",(021) 8294474
J_37,Jakarta,Nasi Goreng Bang Ronie,F&B,Nasi Goreng,25.000-50.000,4.7,Main Course,"Nasi Goreng Bang Ronie menjual beraneka ragam jenis nasi goreng dengan topping yang variatif, seperti udang, sosis, bakso, kerang, abon, dan lain sebagainya. Selain itu, tempat makan ini juga menjual menu lain seperti bihun, mie, kwetiau, tongseng dan sop.",085795318002
J_38,Jakarta,"Nasi Uduk Ngangenin, Ciracas",F&B,Nasi Uduk,<25.000,4.6,Street Food,"Nasi Uduk Ngangenin, Ciracas menjual nasi uduk yang dilengkapi tempe orek, bihun, dan lauk tambahan yang beragam, seperti semur tahu, semur jengkol, telur balado, telur dadar.  ",081289456229
J_39,Jakarta,"Soto Betawi ""Senen Jaya""",F&B,Soto Betawi,>50.000,4.8,Main Course,"Soto Betawi ""Senen Jaya"" terletak di dekat pintu masuk blok 5 Pasar Senen. Warung ini dimiliki oleh pasangan Gatot Sukisno dan Yosiana Yetty. Warung ini didirikan bersama dengan ayahnya dan rekan ayahnya. Soto Betawi ""Senen Jaya"" menjual beragam jenis soto dengan kuah santan, seperti soto daging, soto kikil, soto babat, ,soto paru, dan soto ayam.",081280825363
J_40,Jakarta,Pempek Cik Mi 28,F&B,Pempek,25.000-50.000,4.4,Main Course,"Pempek Cik Mi 28 menjual berbagai jenis pempek, seperti kapal selam, adaan, kulit, lenjer, dan tahu. Selain itu, UMKM ini juga menjual tekwan dan model yang bisa ditambah dengan mie.",087788892257
J_41,Jakarta,Nasi Gila Pangpol,F&B,Nasi Goreng Gila,25.000-50.000,4.5,Main Course,"Nasi Gila Pangpol menjual nasi goreng gila yang disajikan dengan topping sosis, bakso, telur, dan juga dilengkapi dengan telur. Selain itu, warung makan ini juga menyediakan nasi goreng kambing.",083894191790
J_42,Jakarta,Nasi Uduk Betawi Kemandoran Bang Ama,F&B,Nasi Uduk,<25.000,4.5,Street Food,"Nasi Uduk Betawi Kemandoran Bang Ama menyediakan nasi uduk dengan tempe orek dan bihun yang dilengkapi dengan lauk tambahan, seperti telur balado, tempe goreng, ayam goreng, semur jengkol, dan lain sebagainya. Selain itu, warung makan ini juga menjual ketupat sayur.",https://web.facebook.com/nasiudukbetawikemandoran/
J_43,Jakarta,Ketupat Sayur Pecenongan,F&B,Ketupat Sayur,<25.000,4.8,Street Food,"Ketupat Sayur Pecenongan menjual makanan khas banten, yaitu ketupat sayur yang dilengkapi dengan telur, kentang, tahu, ayam, telor, serta krupuk untuk menambah tekstur renyah ketika makan.",085880775636
J_44,Jakarta,Gado-Gado Pak Udin,F&B,Gado-Gado,<25.000,4.3,Street Food,"Gado-gado Pak Udin menjual gado-gado yang berisikan campuran sayuran rebus, bumbu kacang, dan potongan lonton, serta krupuk. Selain itu, warung makan ini juga menjual menu lain, seperti nasi uduk dan nasi ayam kentucky.",087885936605
J_45,Jakarta,Seafood Ayu,F&B,Seafood,>50.000,4.5,Main Course,"Seafood Ayu menjual berbagai macam seafood,  seperti cumi-cumi, udang, kerang, ikan, dan kepiting yang bisa dimasak dengan beraneka ragam jenis bumbu, seperti bakar, saos tiram, saus padang, mentega, saos asam manis, dan lain sebagainya.",08159915966
J_46,Jakarta,"Sate Maranggi & Sop Iga Khas Purwakarta Telaga Biru, Haji Nawi Raya",F&B,"Sate Maranggi, Sop Iga",>50.000,4.6,Main Course,"Sate Maranggi & Sop Iga Khas Purwakarta Telaga Biru, Haji Nawi Raya menjual sate maranggi kambing dan sapi yang juga bisa ditambahkan ketan bakar atau oncom sebagai pelengkap.",083896014348
J_47,Jakarta,Omar Brownies,Munchies,Brownies,>50.000,4.9,Snack,"Omar Brownies menjual beraneka ragam brownies dengan toping yang variatif, seperti keju. Selain itu, Omar Brownies juga menyediakan kue ulang tahun yang dapat dicustom.",https://www.instagram.com/omarbrownies07/
J_48,Jakarta,Dapoer Ammar - Agen Donat Murah,Munchies,Donat,<25.000,4.8,Street Snacks,"Dapoer Ammar - Agen Donat Murah menjual donat dengan harga yang terjangkau dan topping seperti coklat, meses, dan lain sebagainya.",08568119223
J_49,Jakarta,Donat Ade,Munchies,Donat,<25.000,5,Street Snacks,"Donat Ade menjual donat dengan varian gula salju, strawberry, kacang, coklat, keju, dan masih banyak lagi. Donat Ade dijual dengan harga yang terjangkau dan menggunakan bahan berkualitas.",083813891116
J_50,Jakarta,SEMPRONG ISI BEST SELLER,Munchies,Semprong,25.000-50.000,4.9,Snack,"SEMPRONG ISI BEST SELLER menjual semprong yang terdiri dari 12 varian rasa, seperti coklat, nutella, keju, durian, dan lain sebagainya. Semprong isi best seller menjual semprong dengan bahan baku yang berkualitas dan tidak menggunakan pengawet. ",https://www.tokopedia.com/semprongisi
J_51,Jakarta,Camilove Indonesia (Aneka Kue Kering),Munchies,Kue kering,25.000-50.000,4,Snack,"Camilove Indonesia (Aneka Kue Kering) menjual beraneka macam kue kering, seperti lidah kucing, garut, kastengel, dan lain sebagainya dengan harga yang terjangkau.",085881953133
J_52,Jakarta,Karin Kukis,Munchies,Cookies Karakter,>50.000,4.7,Snack,Karin Kukis menjual beraneka ragam jenis cookies yang dapat digunakan sebagai hantaran ulang tahun. Karin Kukis menjual cookies yang bisa dicustom sesuai dengan keinginan penjual.,081382314736
J_53,Jakarta,Roti Buaya Bas Snack,Munchies,Roti Buaya besar,>50.000,4.6,Snack,Roti Buaya Bas Snack menjual roti khas betawi yang berbentuk buaya dengan ukuran yang besar. Roti Buaya yang dijual oleh UMKM ini cocok digunakan untuk snack pada berbagai macam acara.,082210671998
J_54,Jakarta,Rumah Roti Ciracas,Munchies,Roti Buaya mini,<25.000,5,Street Snacks,"Rumah Roti Ciracas menyediakan roti buaya berukuran kecil. Selain itu, toko ini juga menjual beranekan ragam jenis roti, seperti roti pizza sosis, roti sosis mayo, roti coklat, roti abon, dan lain sebagainya yang dijual dengan harga terjangkau dan menggunakan bahan yang berkualitas.",083898188891
J_55,Jakarta,Juragan Roti,Munchies,Roti Buaya mini,<25.000,5,Street Snacks,"Juragan Roti menjual roti buaya khas betawi yang berukuran kecil, sehingga cocok untuk dijadikan sebagai camilan.",https://www.tokopedia.com/rotijuragan
J_56,Jakarta,Es Podeng Pandawa,Munchies,Es Podeng,<25.000,3.3,Street Snacks,"Es Podeng Pandawa menjual es podeng yang merupakan nama lain dari es puter yang dilengkapi dengan berbagai topping, seperti susu kental manis, meses, roti tawar, alpukat, dan lain sebagainya. Cocok dijadikan sebagai hidangan penutup yang menyegarkan. ",https://www.instagram.com/espodengpandawabarito/?hl=en
J_57,Jakarta,Es Cendol Puas 99,Munchies,Es Cendol,<25.000,4.1,Street Snacks,Es Cendol Puas 99 menjual es cendol yang juga dilengkapi dengan tape dan alpukat. Es cendol cocok digunakan sebagai hidangan penutup yang menyegarkan.,081770808809
J_58,Jakarta,Es Cendol Durian SariSuji,Munchies,Cendol Durian,<25.000,4.5,Street Snacks,Es Cendol Durian SariSuji menjual es cendol yang dilengkapi oleh durian sebagai topping tambahan. Cocok digunakan sebagai minuman yang menyegarkan.,081285016090
J_59,Jakarta,Cincau Ciragil,Munchies,Es Cincau,<25.000,4.7,Street Snacks,"Cincau Ciragil menjual es cincau hijau dengan berbagai pilihan seperti gula jawa, gula cincau, gula jawa rasa alpukat, sirup cocopandan, susu gula aren, yakult, madu, dan lain sebagainya.",081584395452
J_60,Jakarta,Es Buah Segar Pak Daud,Munchies,Es buah,<25.000,4.6,Street Snacks,"Es Buah Segar Pak Daud menjual es buah dengan pilihan buah seperti buah naga, alpukat, melon, dan lain sebagainya. Es Buah Pak Daud cocok digunakan sebagai minuman yang dapat menyegarkan di tengah terik matahari.",089510205807
J_61,Jakarta,Ijah Juice,Munchies,Jus Buah,<25.000,5,Street Snacks,Ijah Juice menjual beraneka ragam jenis jus buah yang menyegarkan dan menyehatkan.,Jl. Pal Batu 3 No.23, RT.14/RW.11, Kuningan, Menteng Dalam, Kec. Tebet, Kota Jakarta Selatan
J_62,Jakarta,Es Buah & Es Teler Bapakè,Munchies,"Es buah, es teler",<25.000,4.7,Street Snacks,"Es Buah & Es Teler Bapakè menjual es buah dan es teler yang dilengkapi dengan berbagai buah, seperti alpukat, buah naga, degan, dan lain sebagainya. ",087781014766
J_63,Jakarta,Belleza Outlet,Fashion,Baju Rajut Wanita,25.000-50.000,4.6,Casual Fashion,Belleza Outlet menjual pakain wanita yang berbahan rajut dengan kualitas yang baik dan harga terjangkau.,https://shopee.co.id/bellezaoutletofficial
J_64,Jakarta,Yemima Collection,Fashion,Legging Anak Motif,<25.000,4.8,Casual Fashion,Yemima Collection menjual berbagai legging dengan motif yang berbeda-beda untuk anak kecil dengan harga yang terjangkau dan kualitas bagus.,https://shopee.co.id/rosinababan
J_65,Jakarta,Andalas Clothing,Fashion,Kaos Polos,25.000-50.000,4.8,Casual Fashion,Andalas Clothing menjual kaos polos dengan bahan yang berkualitas dan cocok digunakan untuk sehari-hari.,085103020077
J_66,Jakarta,Dienda Fashion,Fashion,Pakaian Wanita,>50.000,4.5,Formal Fashion,"Dienda Fashion menjual pakain wanita formal yang cocok untuk digunakan sebagai pakaian untuk kuliah, bekerja, maupun pergi ke acara-acara tertentu. ",082160052522
J_67,Jakarta,Polos.co.id,Fashion,Kaos Polos,<25.000,4.5,Casual Fashion,"Polos.co.id  menjual kaos polos dengan bahan yang berkualitas dan harga terjangkau, serta cocok digunakan untuk kegiatan sehari-hari",081806367878
J_68,Jakarta,SanderAllshope,Fashion,Kaos Jakarta,<25.000,4.4,Casual Fashion,SanderAllshope menjual beraneka ragam kaos bertuliskan Jakarta atau bergambarkan kekhasan Jakarta yang cocok digunakan sebagai oleh-oleh,https://shopee.co.id/naoumiwu
J_69,Jakarta,D.v_store88,Fashion,Kaos Jakarta,<25.000,4.6,Casual Fashion,"D.v_store88 menjual kaos yang cocok digunakan sebagai oleh-oleh. Kaos yang dijual oleh UMKM ini merupakan kaos yang bertuliskan Jakarta atau dilengkapi dengan gambar berbagai kekhasan Jakarta, seperti monas dan lain sebagainya. ",081311996116
J_70,Jakarta,Batik Betawi Terogong,Fashion,Batik,>50.000,4.7,Formal Fashion,"Batik Betawi Terogong menjual pakaian batik khas betawi. Selain itu, toko ini juga menjual kain batik yang dapat dijadikan pakaian sesuai dengan selera pembeli.",(021) 7669767
J_71,Jakarta,Bagus Batik,Fashion,Batik,>50.000,5,Formal Fashion,Bagus Batik menjual beraneka ragam jenis baju batik yang dapat dijadikan sebagai pakaian untuk ke kantor maupun ke sekolah atau universitas. Batik yang dijual oleh toko ini memiliki kualitas yang baik dan harga terjangkau.,081932595916
J_72,Jakarta,Ursula Batik,Fashion,Batik,>50.000,4.8,Formal Fashion,"Ursula Batik menjual pakaian formal batik yang dapat digunakan untuk bekerja, menghadiri berbagai jenis acara. Batik yang dijual oleh toko ini meliputi batik untuk wanita dan pria.",https://shopee.co.id/ursulabatik
J_73,Jakarta,Damaifashion,Fashion,Kaos Wanita,<25.000,4.6,Casual Fashion,"Damaifashion menjual berbagai jenis kaos wanita yang menarik dan harga terjangkau, sehingga cocok untuk digunakan dalam kegiatan sehari-hari.",https://shopee.co.id/damaifashion
Y_01,Yogyakarta,Dian Handycraft,Craft,Kerajinan Serat Alam,>50.000,4.6,Souvenir,"Dian Handycraft menjual kerajinan tangan yang terbuat dari serat alam, seperti tas dan keranjang. Selain itu, tokko ini juga menjual kerajinan yang terbuat dari eceng gondok dan rami.",https://www.instagram.com/dian_handycraft/
Y_02,Yogyakarta,Moje Bag,Craft,"Sling Bag Goni, Dompet HP Goni",<25.000,4.8,Souvenir,Moje Bag menjual tas selempang dan dompet yang berbahan dasar goni yang dilengkapi dengan furing dan tali serut  yang memiliki sumbu besar dan tebal.,https://shopee.co.id/mojebag
Y_03,Yogyakarta,I Craft,Craft,Dompet Kulit,>50.000,4.8,Souvenir,I Craft menjual dompet kulit yang berkualitas dan harga terjangkau. Dompet kulit yang dijual oleh I Craft cocok digunakan oleh semua kalangan.,081391503011
Y_04,Yogyakarta,Produksi Tote Bag Jogja,Craft,Tote Bag Custom,25.000-50.000,5,Souvenir,"Produksi Tote Bag Jogja menjual tote bag yang dapat dicustom sesuai dengan keinginan penjual. Selain itu, Produksi Tote Bag Jogja juga menjual tote bag polos dengan harga yang juga terjangkau dan berkualitas baik.",https://www.instagram.com/produksitotebagjogja/
Y_05,Yogyakarta,Kenangan Jogjaku,Craft,Tas Jinjing Batik Kecil,<25.000,4.8,Souvenir,Kenangan Jogjaku menjual tas jinjing yang memiliki motif batik dan berukuran kecil dengan harga yang terjangkau,https://shopee.co.id/kenanganjogjaku
Y_06,Yogyakarta,Walidi Craft,Craft,"Miniatur sepeda, becak, vespa",>50.000,4.6,Souvenir,"Walidi Craft menjual berbagai macam miniatur transportasi jaman dahulu, seperti sepeda ontel, becak, dan vespa dengan berbagai macam ukuran.",0818271835
Y_07,Yogyakarta,Toko Mebi,Craft,Boneka Flanel,25.000-50.000,4.8,Souvenir,Toko Mebi menjual berbagai macam boneka dengan karakter yang berbeda-beda dan terbuat dari flanel.,https://www.tokopedia.com/tokomebi
Y_08,Yogyakarta,Anyaman Kita,Craft,Dompet,<25.000,4.9,Souvenir,"Anyaman Kita menjual dompet yang memiliki berbagai macam motif, seperti batik, motif daun, motif bunga, dan lain sebagainya. Dompet yang dijual oleh Anyaman Kita dilengkapi oleh furing dan penutup magnet.",https://shopee.co.id/anyamankita
Y_09,Yogyakarta,Yesclean market,Craft,Kursi Rotan,>50.000,5,Household Items,Yesclean market menjual berbagai jenis kursi yang terbuat dari rotan sintetis.,https://www.tokopedia.com/yescleanmarket
Y_10,Yogyakarta,Ais Jogja Craft,Craft,Kap Lampu Gantung,>50.000,4.9,Household Items,"Ais Jogja Craft menjual berbagai jenis kerajinan tangan. Salah satu yang utama, yaitu kap lampu gantung yang terbuat dari rotan dengan berbagai bentuk.",https://www.tokopedia.com/aiskerajinandaribambu
Y_11,Yogyakarta,Kerajinan Anyaman B Craft,Craft,Hiasan Dinding,25.000-50.000,4.9,Household Items,"Kerajinan Anyaman B Craft menjual berbagai hiasan dinding anyaman yang terbuat dari bahan seagrass dan serat pisang. Selain itu, juga terdapat berbagai ukuran diameter, seperti 35 cm, 40 cm, 45 cm, dan 50 cm.",https://shopee.co.id/b.craftjogja
Y_12,Yogyakarta,Modemku Mega Sarana,Craft,Cobek Bakar Tanah Liat,<25.000,4.7,Daily Needs,Modemku Mega Sarana menjual cobek bakar yang terbuat dari tanah liat dan telah dilengkapi dengan ulekan.,https://www.tokopedia.com/modemkudotcom
Y_13,Yogyakarta,Marem Project,Craft,Alat Makan Kayu,<25.000,4.8,Daily Needs,"Marem Project menjual berbagai alat makan, seperti sendok, garpu, sumpit, spatula, entong, dan lain sebagainya yang terbuat dari bahan dasar kayu yang aman digunakan untuk makanan.",https://www.tokopedia.com/maremproject
Y_14,Yogyakarta,Jogja Aesthetic,Craft,Taplak Meja Anyaman,>50.000,5,Household Items,"Jogja Aesthetic menjual taplak meja tamu anyaman oval yang dikombinasikan dengan tali serat plastik dan cocok digunakan untuk hiasan rumah, khususnya ruang tamu.",https://shopee.co.id/jogja.aesthetic
Y_15,Yogyakarta,Kay Home Decor,Craft,Perlengkapan Rumah Tangga,>50.000,4.9,Household Items,"Kay Home Decor menjual perlengkapan rumah tangga, seperti kap lampu, lampion, kursi rotan yang cocok digunakan di rumah.",https://www.instagram.com/kerajinananyamanyogya/
Y_16,Yogyakarta,Batik Pekalongan,Fashion,"Baju Batik, Kain Batik",>50.000,5,Formal Fashion,"Batik Pekalongan menjual baju batik, baik untuk pria maupun wanita. Selain itu, juga menjual kain batik yang dapat digunakan oleh pembeli untuk membuat baju batik sesuai dengan keinginannya.",085747877751
Y_17,Yogyakarta,Kaos Jogja Capung Tshirt,Fashion,Kaos Jogja,25.000-50.000,4.9,Casual Fashion,Kaos Jogja Capung Tshirt menjual berbagai macam kaos khas Jogja yang bertuliskan Jogjakarta atau gambar-gambar lain yang berkaitan dengan kekhasan kota Jogja.,https://www.tokopedia.com/kaosjogjacapung
Y_18,Yogyakarta,Kunin Daster,Fashion,Daster Motif,<25.000,4.7,Casual Fashion,Kunin Daster menjual berbagai aneka macam daster dengan motif-motif yang beragam dan dengan bahan yang cocok untuk digunakan sehari-hari.,087821007574
Y_19,Yogyakarta,Buytique Batik Bu Endang,Fashion,Baju Batik,>50.000,5,Formal Fashion,"Buytique Batik Bu Endang menjual baju batik yang dapat digunakan untuk kegiatan formal, seperti ke sekolah, universitas, kantor, dan acara-acara lainnya.",085759974764
Y_20,Yogyakarta,Ababil Hijab,Fashion,Hijab Motif,<25.000,4.8,Casual Fashion,Ababil Hijab menyediakan hijab dengan berbagai motif dan bahan yang berkualitas untuk digunakan oleh wanita muslim.,https://www.instagram.com/ababilhijab_jogja/
Y_21,Yogyakarta,Dewi Murah Batik Kaos Konveksi,Fashion,Baju Batik,25.000-50.000,4.8,Formal Fashion,Dewi Murah Batik Kaos Konveksi menjual berbagai jenis baju batik dengan harga yang murah dan terjangkau.,https://www.instagram.com/dewimurahjogja/
Y_22,Yogyakarta,Cleosa Boutique,Fashion,"Baju Muslim, Baju Wanita",>50.000,5,Formal Fashion,Cleosa Boutique menjual berbagai jenis baju muslim dan baju wanita dengan harga yang terjangkau dan kualitas yang baik.,081220159339
Y_23,Yogyakarta,Toko Pakaian Serba 35000,Fashion,Pakaian Wanita dan Laki-laki,25.000-50.000,3.5,Casual Fashion,"Toko Pakaian Serba 35000 menjual pakaian wanita dan laki-laki dengan harga yang sama, yaitu 35.000 untuk seluruh item.",08570249280
Y_24,Yogyakarta,Wiyoga,Fashion,Kaos Jogja,<25.000,4.8,Casual Fashion,"Wiyoga menjual berbagai jenis kaos yang menunjukkan kekhasan kota Jogja, seperti kaos I love Jogja atau kaos-kaos lain yang terdapat gambar kekhasan kota Jogja.",087836724111
Y_25,Yogyakarta,Arsha Knite,Fashion,Cardigan,25.000-50.000,4.7,Casual Fashion,"Arsha Knite menjual cardigan dengan ukuran all size dan cocok untuk remaja. Cardigan yang dijual oleh Arsha Knite memiliki variansi warna yang beragam, seperti coklat, hitam, pink, biru, dan masih banyak lagi. ",https://shopee.co.id/arshaknite.id
Y_26,Yogyakarta,Tawa Mart,Munchies,"Lanting, Kripik Pare, Kripik Belut",<25.000,4.8,Street Snacks,"Tawa Mart menjual makanan ringan, seperti lanting, kripik paru, dan kripik belut yang cocok digunakan sebagai camilan.",https://www.tokopedia.com/tawamart
Y_27,Yogyakarta,Yangko Mira,Munchies,Yangko,<25.000,4.7,Street Snacks,Yangko Mira menjual yangko yang merupakan makanan khas kota gede dan terbuat dari ketan dan gula. ,081328787768
Y_28,Yogyakarta,Gethuk Trio,Munchies,Gethuk Tiga Rasa,25.000-50.000,4.4,Snack,Gethuk Trio menjual gethuk dengan kombinasi tiga rasa. Gethuk ini berasal dari Magelang dan biasanya banyak dicari oleh wisatawan. ,(0293) 364538
Y_29,Yogyakarta,Soklat'e Jogja,Munchies,Coklat,25.000-50.000,4.7,Snack,"Soklat'e Jogja menjual berbagai jenis coklat batangan dengan varian yang berbeda-beda, seperti almond dan mete.",0811292361
Y_30,Yogyakarta,Emhy Shop,Munchies,"Jenang Krasikan, Madu Mongso",25.000-50.000,4.9,Snack,"Emhy Shop menjual berbagai jenis snack tradisoinal, seperti jenang krasikan dan madu mongso yang disukai oleh banyak orang dewasa di Indonesia.",https://www.tokopedia.com/emyanggriani87
Y_31,Yogyakarta,Batagor Siomay Putra Abimanyu,Munchies,Batagor,<25.000,4.3,Street Snacks,Batagor Siomay Putra Abimanyu menjual batagor yang,https://www.instagram.com/batagor_abimanyuu/?hl=en
Y_32,Yogyakarta,Siomay Telkom Kotabaru,Munchies,Siomay,<25.000,4.4,Street Snacks,Siomay Telkom Kotabaru menjual siomay yang isiannya dapat dipilih sesuai selera dan dilengkapi dengan bumbu kacang.,0817466651
Y_33,Yogyakarta,Cilok Legend Bumbu Kacang,Munchies,Cilok,<25.000,3.9,Street Snacks,"Cilok Legend Bumbu Kacang menjual cilok yang dilengkapi dengan bumbu kacang yang bisa dipilih tingkat kepedasannya, seperti tidak pedas, pedas sedikit, pedas gila, dan xtra pedas.",081327442682
Y_34,Yogyakarta,Ayam Geprek Bu Made,F&B,Ayam Geprek,<25.000,4.7,Street Food,Ayam Geprek Bu Made menjual ayam geprek yang dilengkapi dengan kuah tongseng.,https://www.instagram.com/ayamgeprekbumade/
Y_35,Yogyakarta,Sate Klathak Pak Bari Pasar Wonokromo,F&B,Sate,25.000-50.000,4.3,Main Course,Sate Klathak Pak Bari Pasar Wonokromo menjual sate klathak yang terbuat dari kambing yang dibakar di atas bara api. Perbedaan sate klathak dengan sate pada umumnya terletak pada tusuk satenya yang menggunakan jeruji sepeda yang terbuat dari besi.,081328800165
Y_36,Yogyakarta,Mie Ayam Bu Tumini,F&B,Mie Ayam,<25.000,4.5,Street Food,Mie Ayam Bu Tumini telah dibuka sejak awal tahun 1990-an dan menjual mie ayam dengan cita rasa yang berkarakter. Mie ini memiliki kuah yang berwarna kecokelatan dan memiliki cita rasa yang gurih manis yang didapatkan dari proses masak ayam yang digunakan sebagai topping. ,(0274) 410334
Y_37,Yogyakarta,Bakmi Jawa Jo'Kleru Mbah Pawiro,F&B,Bakmi Jawa,25.000-50.000,4.6,Main Course,"Bakmi Jawa Jo'Kleru Mbah Pawiro menjual berbagi jenis masakan jawa, khususnya bakmi djowo. Satu porsi bakmi jawa di warung ini dilengkapi dengan telur, sayuran, ayam, dan bawang goreng di atasnya.",087738272277
Y_38,Yogyakarta,Seafood Pak Jenggot,F&B,Seafood,>50.000,4.5,Main Course,"Seafood Pak Jenggot menjual beraneka ragam jenis seafood, seperti cumi-cumi, udang, kepiting, ikan, dan lain sebagainya dengan variansi cara masak yang beragam.",08122585907
Y_39,Yogyakarta,Cak No Chinese Food,F&B,"Nasi Goreng, Mie Goreng, Fu yung hai",25.000-50.000,4.8,Main Course,"Cak No Chinese Food menjual berbagai jenis makanan chinese, seperti nasi goreng, mie goreng, fu yung hai, dan masih banyak lagi.",083869476783
Y_40,Yogyakarta,Gudeg Mercon Bu Tinah,F&B,Gudeg Mercon,<25.000,4.2,Street Food,"Gudeg Mercon Bu Tinah telah berdiri sejak 1992. Sesuai dengan namanya, UMKM ini menjual nasi gudeg dengan cita rasa yang pedas dan dilengkapi dengan kental dan gurih dari kuah santan pada gudeg ini.",081804187537
Y_41,Yogyakarta,SBTB Lesehan Terang Bulan Malioboro,F&B,Burung Dara Goreng,25.000-50.000,4.4,Main Course,"SBTB Lesehan Terang Bulan Malioboro sering dijadikan sebagai tempat untuk nongkrong di Malioboro. Makanan khas dari UMKM ini adalah burung dara goreng. Selain itu, SBTB Lesehan Terang Bulan Malioboro juga menjual ayam goreng, bebek goreng, dan masih banyak lagi.",08122715674
Y_42,Yogyakarta,Ikan Bakar Bu Bambang,F&B,Ikan Bakar,>50.000,4.5,Main Course,"Ikan Bakar Bu Bambang menjual ikan bakar dengan variansi ikan yang cukup banyak, seperti ikan surung, ikan kakap putih, ikan bawal, dan ikan kerapu.",085868213232
Y_43,Yogyakarta,Mangut Lele Dapur Asli Mbok Marto Ijoyo,`,Mangut Lele,>50.000,4.6,Main Course,"Mangut Lele Dapur Asli Mbok Marto Ijoyo merupakan kuliner legendaris yang berada di tengah desa dan memiliki menu andalan, yaitu mangut lele. Dalam pembuatannya, mangut lele pada UMKM ini dimasak dengan teknik pengasapan menggunakan sabut kelapa, sehingga menghasilkan ciri khas rasa dan aroma yang unik.",08122701724
Y_44,Yogyakarta,Brownie Jogja Byfitrii,Munchies,Fudgie Brownies,>50.000,4.9,Snack,"Brownie Jogja Byfitrii menjual fudgie brownie dengan berbagai topping, seperti milo cubes, choco chips, oreo, coklat, dan lain sebagainya. ",085729010813
Y_45,Yogyakarta,"Brownies Cinta Jogja, Jogokariyan",Munchies,Brownies,>50.000,4.3,Snack,"Brownies Cinta Jogja, Jogokariyan menjual berbagai jenis brownies, seperti brownies hitam putih, brownies original coklat, brownies chocomilk, brownies pandan coklat. Selain itu, UMKM ini juga menjual pudding brownies.",085523808700
Y_46,Yogyakarta,"Bolu Susu Lembang Dan Bakpia Kukus Steven, Wirobrajan",Munchies,"Bolu Susu, Bolu Kukus, Bakpia Brokis",>50.000,4.7,Snack,"Bolu Susu Lembang Dan Bakpia Kukus Steven, Wirobrajan menjual lapis bogor, bolu susu, bolu kukus, bakpia brokis dengan variansi rasa yang beragam, seperti coklat, keju, caramel, red velvet, dan lain sebagainya.",0895335332044
Y_47,Yogyakarta,Bakpia Jongkem Ireda,Munchies,Bakpia,25.000-50.000,4.4,Snack,Bakpia Jongkem Ireda menjual bakpia khas Yogyakarta dengan berbagai varian rasa dan cita rasa yang unik.,082137687676
Y_48,Yogyakarta,Roti Bu Dalikin,Munchies,Marmer Cake,25.000-50.000,5,Snack,"Roti Bu Dalikin menjual aneka roti, khususnya marmer cake yang cocok digunakan sebagai hantaran.",(0274) 488787
Y_49,Yogyakarta,Amalia Cake and Snack,Munchies,Chiffon,25.000-50.000,4.5,Snack,"Amalia Cake and Snack menjual berbagai jenis cake, khususnya chiffon cake yang memiliki harga terjangkau dan cocok digunakan sebagai hantaran ",https://web.facebook.com/Amaliacakry/?locale=id_ID&_rdc=1&_rdr
Y_50,Yogyakarta,Legit Snack & Co,Munchies,Roti Tradisional,<25.000,4.8,Street Snacks,Legit Snack & Co menjual roti tradisional atau yang sering juga disebut sebagai jajanan pasar dengan harga yang terjangkau dan variansi yang beragam.,081804333322
Y_51,Yogyakarta,Ronde Kauman Mbah Payem,Munchies,Ronde,<25.000,4.6,Street Snacks,Ronde Kauman Mbah Payem telah didirikan sejak 1965 dan selalu berjualan di Alun-Alun Utara. Ronde yang dijual oleh UMKM ini memiliki cita rasa kuah dari perpaduan kuah jahe dan gula khas Nusantara yang dapat menghangatkan tubuh.,Jl. Kauman, Ngupasan, Kec. Gondomanan 
Y_52,Yogyakarta,Ma'am Ronde Wedang Lasmi,Munchies,Ronde,<25.000,4.5,Street Snacks,Ma'am Ronde Wedang Lasmi menjual ronde yang terdiri dari kuah jahe dan juga tangyuan yang berisikan kacang.,Alun-Alun Utara St, Panembahan, Kraton
Y_53,Yogyakarta,Delima Juice,Munchies,Jus Buah,<25.000,4.8,Street Snacks,"Delima juice menjual berbagai jenis jus buah yang menyehatkan dan menyegarkan, serta memiliki harga yang terjangkau.",Jl. Bimo Kurdo No. 70, Gondokusuman, Yogyakarta
Y_54,Yogyakarta,Boba Party,Munchies,Bubble Milk Tea,<25.000,4.6,Street Snacks,"Boba Party menjual aneka ragam minuman kekinian, seperti boba milk tea yang digemari oleh remaja-remaja saat ini.",Jl. Magelang - Yogyakarta No.109, Kricak, Kec. Tegalrejo
Y_55,Yogyakarta,Mey Drink Boba,Munchies,Bubble Milk Tea,<25.000,3.9,Street Snacks,"Mey Drink Boba menjual berbagai jenis minuman boba, seperti, boba milk tea, brown sugar boba, red velvet boba milk, dan masih banyak lagi.",088225430835
Y_56,Yogyakarta,Es Kelapa Muda Lempuyangan,Munchies,Es Degan,<25.000,4.8,Street Snacks,Es Kelapa Muda Lempuyangan menjual es degan murni maupun dengan campuran gula yang dapat menyegarkan dan cocok untuk diminum di tengah terik matahari.,Jl. Argolubang No.7, Baciro, Kec. Gondokusuman
Y_57,Yogyakarta,Dawet Mbah Hari Pasar Beringharjo,Munchies,Dawet,<25.000,4.7,Street Snacks,Dawet Mbah Hari Pasar Beringharjo menjual es dawet yang segar dengan harga yang sangat terjangkau. Keunikan es dawet Mbah Hari terdapat di isian cendol yang berwarna-warni dan cincau. Cita rasa dari dawet ini bercampur antara manis legit dan sedikit gurih.,Ps. Beringharjo, Jl. Malioboro, Sosromenduran, Gedong Tengen
Y_58,Yogyakarta,Depot Dawet TIMOHO,Munchies,Dawet,<25.000,4.7,Street Snacks,"Depot Dawet TIMOHO sudah ada sejak 1996 yang disajikan pada gelas yang cukup besar dan berisikan cendol, santan, dan lumuran gula jawa. Es Dawet pada UMKM ini dijual dengan harga yang sangat terjangkau di bawah 10.000",https://www.instagram.com/dawettimoho/
S_01,Surakarta,Bakpia Balong Solo,Munchies,Bakpia,>50.000,4.5,Snack,"Bakpia Balong Solo menjual bakpia balong yang memiliki variansi rasa beragam, seperti coklat, keju, dan lain sebagainya.",(0271) 636125
S_02,Surakarta,Roti Merani,Munchies,Kue Kering,>50.000,4.6,Snack,"Roti Merani menjual aneka kue kering, seperti garut, lidah kucing, kastengel, bagelen, dan lain sebagainya dengan harga terjangkau. Selain itu, roti merani juga menjual lapis legit dan aneka roti lainnya.",(0271) 647002
S_03,Surakarta,Kangen Solo,Munchies,Kue Ubin,25.000-50.000,4.9,Snack,"Kangen Solo menjual kue khas Solo, yaitu kue ubin yang terbuat dari kacang. ",https://www.tokopedia.com/kangensolo
S_04,Surakarta,Roti Amira,Munchies,"Roti, kue",<25.000,4.6,Street Snacks,Roti Amira menjual berbagai jenis roti dan kue yang cocok digunakan untuk camilan.,https://www.instagram.com/roti_amira_solo/?hl=en
S_05,Surakarta,Roti Dunay,Munchies,Roti,<25.000,5,Street Snacks,"Roti Dunay menjual berbagai jenis roti. Salah satu roti yang dijual, yaitu roti coklat.",085713542868
S_06,Surakarta,Ummika Brownie,Munchies,Brownies,25.000-50.000,4.6,Snack,Ummika Brownie menjual brownies dengan variansi topping yang beragam.,081216935413
S_07,Surakarta,Siliwangi Bolu Kukus Solo,Munchies,Bolu Kukus,25.000-50.000,4,Snack,"Siliwangi Bolu Kukus Solo menjual bolu kukus dengan variansi rasa yang beragam, seperti durian, mangga, talas, stroberi, keju, cokelat, kopi, dan lain sebagainya.",081328318055
S_08,Surakarta,"Roti Kecil, Snack dan Jajan Pasar, Veteran",Munchies,Roti,<25.000,4.5,Street Snacks,"Roti Kecil, Snack dan Jajan Pasar, Veteran menjual roti dengan ukuran kecil dan jajanan pasar yang beragam seperti soes vla, risoles, pastel, sosis solo, dan masih banyak lagi.",https://www.instagram.com/rotikecilveteran/?hl=en
S_09,Surakarta,"Roti Gembong Ergos, Brigjend Sudiarto",Munchies,Roti Gembong,<25.000,4.3,Street Snacks,"Roti Gembong Ergos, Brigjend Sudiarto menjual roti gembong dengan aneka ragam rasa, seperti abon, green tea, cappucino, durian, red velvet, dan masih banyak lagi",087772332115
S_10,Surakarta,Bakpao La Rissa,Munchies,Bakpao,<25.000,4.6,Street Snacks,"Bakpao La Rissa menjual bakpao dengan harga satuan yang terjangkau dan variansi rasa yang beragam, seperti cokelat, kacang hijau, pandan, peanut butter, dan lain sebagainya.",087791116768
S_11,Surakarta,Serabi Dimi Kalilarangan,Munchies,Serabi Notosuman,<25.000,4.7,Street Snacks,"Serabi Dimi Kalilarangan menjual serabi yang memiliki cita rasa gurih dan manis. Jenis serabi yang dijual oleh UMKM ini ada serabi putih, serabi gulung, dan serabi coklat.",08991911484
S_12,Surakarta,Warung Kita,Munchies,Sosis Solo,<25.000,4.4,Street Snacks,"Warung Kita menjual berbagai makanan, salah satu yang menjadi khasnya adalah sosis solo yang dikukus dan berisikan daging yang dibalut oleh telur sebagai kulit sosis solo.",https://www.instagram.com/warungkita_solo/?hl=en
S_13,Surakarta,Omah Peyek Bunder,Munchies,Peyek,<25.000,4.9,Street Snacks,Omah Peyek Bunder menjual peyek kacang yang memiliki ciri khas berbentuk bulat.,085647376450
S_14,Surakarta,Apem Sewu BibiMia,Munchies,Apem,25.000-50.000,5,Snack,"Apem Sewu BibiMia menjual jajanan tradisional, yaitu apem jadul dengan harga yang terjangkau.",085293691966
S_15,Surakarta,Pukis Badran,Munchies,Pukis,>50.000,4.6,Snack,"Pukis Badran menjual pukis kekinian yang terdiri dari berbagai rasa, seperti coklat, red velvet, green tea (matcha), abon sapi, dan masih banyak lagi.",081393426565
S_16,Surakarta,Rambak Kedelai Mr.San,Munchies,"Rambak kedelai, keripik tempe",<25.000,4,Street Snacks,"Rambak Kedelai Mr.San menjual rambak kedelai dengan harga yang terjangkau dan memiliki tekstur yang renyah, serta cita rasa yang gurih.",081277777819
S_17,Surakarta,Aesar Risol,Munchies,Risoles,25.000-50.000,4.5,Snack,"Aesar Risoll menjual risol sosis mayonaise, risol ragout, risol ayam cincang dan sayur baik yang langsung digoreng maupun yang difrozen.",085647017220
S_18,Surakarta,Toko Ochi Official,Munchies,Keripik kulit,<25.000,4.8,Street Snacks,"Toko Ochi Official menjual makanan ringan yang cocok dijadikan sebagai camilan, yaitu keripik kulit.",https://www.tokopedia.com/tokoochisolo
S_19,Surakarta,Aydaa Snack,Munchies,Keripik usus pedas,<25.000,4.7,Street Snacks,"Aydaa Snack menjual kripik usus yang memiliki cita rasa pedas dan gurih, serta harga yang terjangkau.",https://www.tokopedia.com/aydaasnack
S_20,Surakarta,Ksatria,Munchies,Abon,>50.000,4.9,Snack,Ksatria menjual abon sapi khas Solo yang memiliki cita rasa manis dan gurih.,https://www.tokopedia.com/abonksatriasolo
S_21,Surakarta,"Es Ndelik, Serengan",Munchies,"Es Campur, Jus",<25.000,4.6,Street Snacks,"Es Ndelik, Serengan menjual berbagai jenis jus buah yang menyehatakan dan menyegarkan. Selain itu, UMKM ini juga menjual es campur yang dilengkapi oleh susu kental manis dan berbagai jenis buah.",08562833552
S_22,Surakarta,Es Degan Si Doel,Munchies,Es Degan,<25.000,4.5,Street Snacks,Es Degan Si Doel menjual es degan yang memiliki banyak khasiat dan dengan harga yang terjangkau.,Carangan Rt 003 Rt 007 Baluwarti Pasar Kliwon Surakarta
S_23,Surakarta,Garasi Juice,Munchies,Jus Buah,<25.000,4.4,Street Snacks,Garasi Juice menjual berbagai jenis jus buah yang menyehatkan dan menyegarkan dengan harga yang terjangkau,082136711730
S_24,Surakarta,Minoom.Ahh,Munchies,Milk Tea,<25.000,4.5,Street Snacks,"Minoom.Ahh menjual berbagai minuman kekinian dengan harga yang terjangkau, seperti milk tea.",08112641543
S_25,Surakarta,Juice Buah Segar Berkah,Munchies,Jus Buah,<25.000,4.3,Street Snacks,Juice Buah Segar Berkah menjual berbagai jenis jus buah yang menyehatkan dan menyegarkan dengan harga yang terjangkau.,Jl. Yosodipuro No. 22, Banjarsari, Surakarta
S_26,Surakarta,Estekita,Munchies,Es Teh,<25.000,4.7,Street Snacks,"Estekita menjual es teh dengan berbagai varian rasa, seperti lemon tea, original tea, milk tea, thai tea, chocolate tea, choco oreo tea, choco banana tea, choco hazelnut tea, dan lain sebagainya dengan harga yang sangat terjangkau.",08814138482
S_27,Surakarta,Caocincao Cincau Hijau,Munchies,Es Cincau,<25.000,4.2,Street Snacks,"Caocincao Cincau Hijau menjual es cincau hijau kekinian dengan varian yang cukup banyak, seperti cincau hijau framboz, cincau hijau markisa, cincau hijau avocado, cincau hijau red velvet, dan lain sebagainya. ",Jl. Ronggowarsito No.169, Banjarsari, Surakarta
S_28,Surakarta,Cha Nom Milk Boba,Munchies,Bubble Milk Tea,<25.000,4.4,Street Snacks,"Cha Nom Milk Boba menjual berbagai jenis minuman dingin yang kekinian, seperti milk boba brown sugar, taro boba brown sugar, vanilla brown sugar, thai tea, green tea, dan lain sebagainya",085728786733
S_29,Surakarta,Es Degan Pak Mukhlis,Munchies,Es degan,<25.000,4.6,Street Snacks,"Es Degan Pak Mukhlis menjual es degan berbagai variansi menggunakan pemanis, seperti gula, sirup, dan juga tanpa pemanis (murni). Selain itu, Es Degan Pak Mukhlis juga menjual camilan ringan, seperti keripik pisang dan basreng yang dapat dijadikan pelengkap ketika minum es degan. ",088225367967
S_30,Surakarta,Nasi Liwet Yu Tukinem,F&B,Nasi Liwet,<25.000,4.4,Street Food,Nasi Liwet Yu Tukinem menyediakan nasi liwet dengan harga yang terjangkau dan rasa yang gurih.,Jl. Ir. Soekarno No.54, Dusun I, Madegondo, Kec. Grogol, Kabupaten Sukoharjo
S_31,Surakarta,Tahu Kupat Sido Mampir Masjid Solihin,F&B,Tahu Kupat,<25.000,4.5,Street Food,"Tahu Kupat Sido Mampir Masjid Solihin menyediakan tahu kupat dengan porsi yang mengenyangkan dan harga yang terjangkau, dihidangkan dengan kerupuk renyah yang nikmat.",Jl. Adi Sumarmo No.15B, Nusukan, Kec. Banjarsari, Kota Surakarta
S_32,Surakarta,Bakso Pak Ruk,F&B,Bakso,25.000-50.000,4.5,Main Course,"Bakso Pak Ruk menjual aneka bakso legenda yang lezat dan terjangkau dengan berbagai lauk tambahan antara lain rambak kulit, karak, sosis goreng, dan pangsit goreng.",Jl. Jamsaren No.20, Serengan, Kec. Serengan, Kota Surakarta
S_33,Surakarta,Soto & Sop Ayam Sari Prasojo,F&B,"Soto, Sop Ayam",<25.000,5,Street Food,Soto & Sop Ayam Sari Prasojo merupakan spesialis soto dan sop ayam. Soto dan sop ayam yang dijual memiliki rasa yang gurih dengan harga yang sangat terjangkau.,Jl. Demak Bintoro Utama, Nusukan, Kec. Banjarsari, Kota Surakarta
S_34,Surakarta,Warung Pojok Depan SD Warga,F&B,Soto Daging,<25.000,4.6,Street Food,Warung Pojok Depan SD Warga menjual berbagai hidangan dengan harga yang terjangkau antara lain soto daging dan nasi rawon.,Jl. Ir. Juanda No.67, Purwodiningratan, Kec. Jebres, Kota Surakarta
S_35,Surakarta,Sumber Bestik Pak Darmo,F&B,Bestik Sapi,25.000-50.000,5,Main Course,Sumber Bestik Pak Darmo menyediakan bestik sapi yang berkualitas dengan rasa yang lezat.,Jl. Honggowongso No.94, Panularan, Kec. Laweyan, Kota Surakarta
S_36,Surakarta,Gudeg Mbak Yus,F&B,Gudeg,>50.000,4.4,Main Course,"Gudeg Mbak Yus menyediakan gudeg yang dengan berbagai lauk yang lezat, antara lainnya ceker pedas, ledre, dan ketan.",Jl. RA Kartini No.12, Timuran, Kec. Banjarsari, Kota Surakarta
S_37,Surakarta,Ayam Goreng Kampung Mbak Dewi,F&B,Ayam Goreng Kampung,>50.000,4.7,Main Course,Ayam Goreng Kampung Mbak Dewi menjual ayam goreng kampung yang nikmat serta minuman beras kencur yang segar.,Jl. Yudhistira No.19, Serengan, Kec. Serengan, Kota Surakarta
S_38,Surakarta,Warung Makan Gempol Pleret dan Mie Thoprak Mangkuyudan,F&B,Bakmie Toprak,<25.000,4.5,Street Food,"Warung Makan Gempol Pleret dan Mie Thoprak Mangkuyudan menjual mie thoprak, berbagai macam sup, serta dawet yang tidak dapat dilewatkan ketika berkunjung ke Surakarta.",Jl. Dr. Wahidin, Purwosari, Kec. Laweyan, Kota Surakarta
S_39,Surakarta,Harjo Bestik Pasar Kembang,F&B,Bestik Sapi,25.000-50.000,4.5,Main Course,Harjo Bestik Pasar Kembang menjual bestik sapi lezat dengan berbagai varian dan harga yang terjangkau.,081804544472
S_40,Surakarta,Warung Bestik Pak Pur,F&B,Bestik Sapi,25.000-50.000,4.5,Main Course,Warung Bestik Pak Pur menjual bestik sapi dengan orak arik yang lezat dengan harga yang terjangkau.,Jl. Yos Sudarso No.212, Kratonan, Kec. Serengan, Kota Surakarta
S_41,Surakarta,Ayam Goreng Mbak Mul,F&B,Ayam Goreng,>50.000,4.4,Main Course,Ayam Goreng Mbak Mul merupakan spesialis ayam goreng yang menjual berbagai potongan ayam yang lezat.,Jl. Dalangan-Tawangsari, Satu, Kateguhan, Kec. Tawangsari, Kabupaten Sukoharjo
S_42,Surakarta,Ayam Kampung Goreng Mbah Karto Tembel,F&B,Ayam Goreng,>50.000,4.6,Main Course,Ayam Kampung Goreng Mbah Karto Tembel merupakan spesialis ayam goreng yang menjual ayam goreng yang lezat dan berkualitas.,Jl. Jaksa Agung Raya Suprapto No.8, Gabusan, Jombor, Kec. Bendosari, Kabupaten Sukoharjo
S_43,Surakarta,Nasi Liwet Yu Sani,F&B,Nasi Liwet,<25.000,4.6,Street Food,Nasi Liwet Yu Sani menyediakan nasi liwet khas Surakarta yang terjangkau dengan rasa yang gurih. ,CR9C+4CH, Jl. Veteran, Gajahan, Kec. Ps. Kliwon, Kota Surakarta
S_44,Surakarta,Nasi Liwet Yu Lestari,F&B,Nasi Liwet,<25.000,4.4,Street Food,"Nasi Liwet Yu Lestari menyediakan nasi liwet dengan berbagai lauk, antara lain nasi liwet ati ayam, nasi liwet sayap, nasi liwet kepala ayam, dan nasi liwet telur utuh.",Jl. RE Martadinata No.198, Gandekan, Kec. Jebres, Kota Surakarta
S_45,Surakarta,Bakso & Mie Ayam Oshin Laris,F&B,Bakso,25.000-50.000,4.7,Main Course,"Bakso & Mie Ayam Oshin Laris menyediakan bakso, pentol, siomai, serta mie ayam yang lezat dan mengenyangkan.",Jl. Imam Bonjol No.63, Kp. Baru, Kec. Ps. Kliwon, Kota Surakarta
S_46,Surakarta,Dawet Telasih Bu Dermi Pasar Gede,Munchies,Dawet,<25.000,4.4,Street Snacks,"Dawet Telasih Bu Dermi Pasar Gede menyediakan es dawet dengan harga yang sangat terjangkau dengan isian bubur sumsum, cendol hijau, sirup, santan, ketan hitam, dan biji selasih.",Pasar Gede Hardjonagoro, Jl. Jend. Urip Sumoharjo, Sudiroprajan, Kec. Jebres, Kota Surakarta
S_47,Surakarta,Es Campur Pak Kutir,Munchies,Es Campur,<25.000,4.5,Street Snacks,"Es Campur Pak Kutir menyediakan aneka es, antara lain es teler dan es buah yang segar.",CRPH+X75, Jl. Moh. Saleh Wedisastro, Setabelan, Kec. Banjarsari, Kota Surakarta
S_48,Surakarta,"Big Size Juice Jus Bar, Laweyan",Munchies,Jus buah,<25.000,4.7,Street Snacks,Big Size Juice Jus Bar menyediakan berbagai jenis jus dengan ukuran besar yang sehat dan berkhasiat.,Jl. Garuda Mas No.23, Geduren, Karangasem, Kec. Laweyan, Kota Surakarta
S_49,Surakarta,Es Krim Durian Rindu,Munchies,Es Krim Durian,<25.000,4.4,Street Snacks,Es Krim Durian Rindu menyediakan es krim durian yang segar dan berkualitas.,Jl. Kediri tengah no. 6 bonorejo RT.02/17, Nusukan, Kec. Banjarsari, Kota Surakarta
S_50,Surakarta,"Burung Muda Coffee, Keprabon",Munchies,Kopi susu,<25.000,4,Street Snacks,Burung Muda Coffee menyediakan berbagai pilihan kopi susu untuk menemani Anda bekerja. Burung Muda Coffee juga menyediakan beberapa varian kue seperti soft cookies dan Banoffee,089626373170
S_51,Surakarta,Lentera Handycraft & Rajut Tas Grosir & Ecer,Craft,Dompet rajut,>50.000,5,Souvenir,Lentera Handycraft & Rajut Tas Grosir & Ecer menyediakan beragam dompet rajut dan tas yang cocok untuk wanita dari segala usia.,08882694830
S_52,Surakarta,Hanadia Souvenir & Craft,Craft,"Clutch, souvenir",>50.000,4.5,Souvenir,Hanadia Souvenir & Craft menyediakan beragam pilihan souvenir untuk diberikan saat acara.,083866092203
S_53,Surakarta,Suryo Art Craft,Craft,Wayang,>50.000,4.5,Souvenir,Suryo Art Craft menyediakan beragam pilihan boneka wayang tradisional yang khas.,0895320044344
S_54,Surakarta,Handicraft Kaca Lukis,Craft,Kaca Lukis,>50.000,5,Souvenir,Handicraft Kaca Lukis menyediakan beragam pilihan kaca lukis yang indah untuk melengkapi rumah Anda.,Jln. Madyotaman 1 no. 35 Punggawan, Banjarsari - Solo, Kota Surakarta
S_55,Surakarta,Hiasan Dinding Solo,Craft,Hiasan dinding,<25.000,4.5,Daily Needs,Hiasan Dinding Solo menyediakan banyak hiasan dinding dengan print yang berkualitas untuk memperdantik rumah Anda.,https://shopee.co.id/hiasandindingsolo.official?categoryId=100636&entryPoint=ShopByPDP&itemId=5739678599
S_56,Surakarta,Woodycraft.id,Craft,"Kerajinan kayu, wrist rest ",>50.000,4.3,Household Items,"Woodycraft.id menyediakan beragam kerajinan kayu, termasuk wrist rest yang populer untuk menopang tangan Anda saat bekerja di meja.",https://www.instagram.com/woodycraft.id/
S_57,Surakarta,Ucthiq craft,Craft,"Pouch, dompet, tas",25.000-50.000,4.9,Souvenir,"Ucthiq craft enyediakan berbagai macam pouch, dompet, dan tas hasil kerajinan tangan yang berkualitas.",082324717551
S_58,Surakarta,Naura Craft Solo,Craft,"Rajutan, tas, dompet, bros",<25.000,5,Souvenir,Naura Craft Solo menyediakan beragam pilihan hasil rajutan seperti tas dan dompet yang berkualitas dan unik.,081329928029
S_59,Surakarta,Widya Tunggal,Craft,Celengan,<25.000,4.6,Daily Needs,Widya Tunggal menyediakan berbagai macam celengan untuk souvenir.,087836503242
S_60,Surakarta,Solo Ethnic,Craft,Kalung etnik,<25.000,4.9,Souvenir,Solo Ethnic menyediakan kalung etnik dengan beragam varian untuk melengkapi pakaian Anda.,https://www.tokopedia.com/soloethnic
S_61,Surakarta,Rajut Apik,Craft,"Dompet, tas, boneka rajut daur ulang",25.000-50.000,5,Souvenir,"Rajut Apik menyediakan berbagai macam tas, dompet, dan boneka yang unik dengan bahan dasar daur ulang.",https://www.instagram.com/rajut_apik/
S_62,Surakarta,Lentik Handycraft,Craft,"Bantal, Kerajinan flanel",25.000-50.000,4.5,Daily Needs,Lentik Handycraft menyediakan kerajinan flanel berkualitas untuk melengkapi kebutuhan sehari-hari.,https://www.instagram.com/lentikhandycraft/
S_63,Surakarta,Jual Murah.id,Craft,"Celengan kayu jati, kotak tisu",>50.000,4.8,Household Items,Jual Murah.id menyediakan berbagai pilihan celengan kayu jati yang awet sebagai kebutuhan rumah yang esensial.,https://shopee.co.id/devid.iq
S_64,Surakarta,Rafastoresolo,Craft,"Map, kotak pensil, dompet daur ulang",25.000-50.000,4.7,Daily Needs,"Rafastoresolo menyediakan berbagai kerajinan tangan hasil daur ulang seperi map, kotak pensil, dan dompet.",https://shopee.co.id/rafastoresolo
S_65,Surakarta,Ola Store,Fashion,"Kain Lurik, Busana Jawa",>50.000,4.9,Formal Fashion,Ola Store menyediakan beragam pilihan kain lurik serta busana Jawa dengan motif dan warna yang berbeda-beda.,https://www.instagram.com/ola.lurik/
S_66,Surakarta,LC Fashion,Fashion,Pakaian wanita,>50.000,4.7,Formal Fashion,LC Fashion menyediakan pakaian wanita impor dengan model terbaru yang trendi.,081229410006
S_67,Surakarta,Toko Surabaya,Fashion,"Kaos Motif, Kemeja Pria",25.000-50.000,5,Formal Fashion,Toko Surabaya menjual kaos motif dan kemeja pria dengan kualitas yang tinggi. ,(0271) 646772
S_68,Surakarta,Citra Busana,Fashion,Kemeja Batik Pria,>50.000,4.8,Formal Fashion,Citra Busana menjual berbagai kemeja batik pria dengan banyak pilihan motif dan warna yang berbeda-beda.,https://shopee.co.id/citrabusanasolo
S_69,Surakarta,Grosir Kaos Pasar Klewer Solo Putri Srono,Fashion,Kaos,25.000-50.000,5,Casual Fashion,Grosir Kaos Pasar Klewer Solo Putri Srono menyediakan berbagai pilihan kaos dengan harga yang terjangkau untuk grosir.,082137338585
S_70,Surakarta,Ratu Fashion Solo,Fashion,Pakaian wanita,>50.000,4.6,Formal Fashion,Ratu Fashion Solo menyediakan pakaian wanita impor dengan model kekinian.,(0271) 656064
S_71,Surakarta,Pengrajin Blangkon Kaswanto,Fashion,Blangkon,<25.000,4.5,Formal Fashion,Pengrajin Blangkon Kaswanto menyediakan berbagai pilihan blangkon dengan harga yang terjangkau untuk digunakan saat acara-acara adat.,081322815007
S_72,Surakarta,Jaya Busana Solo,Fashion,Daster,25.000-50.000,5,Casual Fashion,Jaya Busana Solo menjual berbagai macam daster dengan kualitas yang baik dan harga yang terjangkau.,085887775158
S_73,Surakarta,Sajadah Batik Tirtomartani Solo,Fashion,"Kemeja Batik, Rok Batik",>50.000,4.4,Formal Fashion,Sajadah Batik Tirtomartani Solo menjual kemeja dan rok batik yang berkualitas dan cocok untuk dikenakan dalam berbagai acara.,Jl. K.H Samanhudi Gg. Latar Ireng 4 No.35B, RT.02/RW.02, Bumi, Kec. Laweyan, Kota Surakarta
S_74,Surakarta,Shafira Solo,Fashion,Baju muslim,>50.000,5,Formal Fashion,"Shafira Solo menjual berbagai macam pakaian muslim mulai dari dress muslim, hijab, hingga pakaian muslim pria dan anak.",089672293829
S_75,Surakarta,Daster Grosir Solo,Fashion,Daster,<25.000,4.8,Casual Fashion,Daster Grosir Solo menjual daster wanita dengan harga yang terjangkau.,https://shopee.co.id/batikanmurah
S_76,Surakarta,Cio Clothing,Fashion,Celana rumah,<25.000,4.7,Casual Fashion,Cio Clothing menjual celana murah dengan harga yang terjangkau dan kualitas yang baik.,https://shopee.co.id/ciobelieve78
B_01,Bali,Sunrise Outlet,Fashion,Kaos streetwear,25.000-50.000,4.6,Casual Fashion,Sunrise Outlet menjual  pakaian streetwear yang trendi dan cocok untuk digunakan anak muda sehari-hari.,081353910086
B_02,Bali,Grosir Baju Barong Bali,Fashion,Baju Barong,<25.000,4.9,Casual Fashion,Grosir Baju Barong Bali menjual baju barong Bali dengan harga yang terjangkau dengan berbagai pilihan warna.,https://shopee.co.id/temangrosir
B_03,Bali,Store_Mallory,Fashion,Kaos Bali,<25.000,4.8,Casual Fashion,Store_Mallory menjual berbagai macam kaos dan celana Bali yang terjangkau.,https://shopee.co.id/store_mallory
B_04,Bali,Sukawati Souvenir,Fashion,"Pakaian wanita, Tie Dye",25.000-50.000,4.9,Casual Fashion,Sukawati Souvenir menyediakan berbagai ragam pakaian wanita kasual yang cocok digunakan untuk sehari-hari.,https://shopee.co.id/sukawatisouvenir
B_05,Bali,Cap Bali,Fashion,"Pakaian tropis wanita, batik",>50.000,4.7,Casual Fashion,Cap Bali menjual berbagai ragam pakaian tropis wanita yang trendi.,https://shopee.co.id/capbali
B_06,Bali,Ni Made Dunung,Fashion,"Kaos Bali, Tie Dye, Tas Rotan",<25.000,5,Casual Fashion,Ni Made Dunung menjual kaos santai Bali dengan harga terjangkau dan dengan berbagai ragam pilihan.,(0361) 298620
B_07,Bali,Taruna Bali Udeng,Fashion,"Rayon, Udeng",>50.000,4.7,Formal Fashion,Taruna Bali Udeng menjual rayon dan udeng khas Bali dengan kualitas yang terjamin.,087853948128
B_08,Bali,Bali Modis,Fashion,"Kaos Wanita, Daster",<25.000,4.9,Casual Fashion,Bali Modis menjual beragam pakaian wanita dengan harga yang terjangkau dan model yang modis.,https://www.instagram.com/modis_fashion/
B_09,Bali,Mason Chocolates,Munchies,Coklat,25.000-50.000,4.9,Snack,Mason Chocolates menjual coklat batangan yang terbuat dari biji coklat asli yang berkualitas tinggi.,https://www.tokopedia.com/masonchocolates
B_10,Bali,Cakelin Bali,Munchies,Kue Bolu,>50.000,5,Snack,Cakelin Bali menyediakan kue bolu manis dengan berbagai varian rasa dan bentuk.,081938800008
B_11,Bali,Bite Bali,Munchies,Croissant,25.000-50.000,4.6,Snack,"Bite Bali menyediakan croissant lezat dengan berbagai topping dan isian. Selain itu, Bite Bali juga menjual berbagai mimuman nikmat serta area dine-in yang nyaman.",085282825517
B_12,Bali,Bali Forages,Munchies,"Beef jerky, keripik daging, dendeng",>50.000,4.9,Snack,Bali Forages menyediakan berbagai keripik daging yang lezat untuk dikonsumsi semua kalangan usia.,082145033567
B_13,Bali,IniTempe Bali,Munchies,Keripik tempe,25.000-50.000,4.9,Snack,IniTempe Bali menyediakan keripik tempe serta camilan berbahan dasar tempe lainnya seperti coklat tempe serta cheese cookies tempe.,081239352948
B_14,Bali,Pia Cinta,Munchies,Pia,25.000-50.000,4.5,Snack,"Pia Cinta menjual pia dengan berbagai varian rasa seperti kacang hijau, nanas, cokelat, durian, keju, dan ubi ungu yang lezat.",081246453772
B_15,Bali,Bali Bon Bon,Munchies,Coklat,<25.000,4.6,Street Snacks,"Bali Bon Bon menyediakan coklat bijian berkualitas dengan berbagai isian seperti dark caramel sea salt dan irish whiskey. Selain itu, Bali Bon Bon juga menjual berbagai coklat batangan.",087866867195
B_16,Bali,Pia Bintang Baturiti,Munchies,Pia,>50.000,4.9,Snack,"Pia Bintang Baturiti menyediakan pia dengan berbagai isian mulai dari coklat, keju, wijen, kopi, kacang hujau, hingga ubi unggu yang nikmat. ",(0361) 413073
B_17,Bali,Poklahsar Taman Grya,Munchies,Keripik ikan,25.000-50.000,3.8,Snack,"Poklahsar Taman Grya menyediakan keripik ikan yang renyah, nikmat, dan alami.",087766939730
B_18,Bali,Warung Adi,F&B,Nasi Campur Ayam Khas Bali,25.000-50.000,4.7,Main Course,Warung Adi menyediakan nasi campur ayam khas Bali dengan berbagai lauk tambahan yang mengenyangkan.,085853261829
B_19,Bali,Nasi Pedas Bu Hanif,F&B,Nasi Pedas,25.000-50.000,4.5,Main Course,"Nasi Pedas Bu Hanif menyediakan nasi pedas dengan tiga varian (biasa, spesial, dan komplit) yang berkualitas dan mengenyangkan.",https://gofood.co.id/id/bali/restaurant/nasi-pedas-ibu-hanif-kuta-24c307dc-a824-4977-9f31-e8be7c8fe484
B_20,Bali,Nasi Jinggo Wikowi,F&B,Nasi Jinggo,<25.000,4.4,Street Food,Nasi Jinggo Wikowi menyediakan nasi campur terjangkau yang lezat dengan sambal yang mantap.,0811395760
B_21,Bali,Warung Liku,F&B,Ayam Betutu,>50.000,4.7,Main Course,Warung Liku menjual ayam betutu serta nasi campur ayam betutu yang dilengkapi dengan sayur segar yang sehat dan berkhasiat.,https://www.instagram.com/warungliku/
B_22,Bali,Nasi Bali Men Weti,F&B,Nasi Campur Ayam Khas Bali,25.000-50.000,4.7,Main Course,Nasi Bali Men Weti menjual nasi campur ayam khas Bali yang lezat dengan kerupuk ayam yang mantap.,087806506611
B_23,Bali,Nasi Tahu Ni Sarti,F&B,Nasi Tahu,<25.000,4.9,Street Food,"Nasi Tahu Ni Sarti menyediakan nasi tahu yang terjangkau dengan tambahan tahu goreng dan kerupuk tahu yang sehat, cocok untuk para vegetarian.",https://gofood.co.id/id/bali/restaurant/nasi-tahu-ni-sarti-sukawati-2e11e20d-44c4-4e4f-82d9-967d821ba9c4
B_24,Bali,Nasi Lawar Nang Etonk,F&B,Lawar Gurita,<25.000,4.6,Street Food,Nasi Lawar Nang Etonk menyediakan lawar gurita serta makanan laut lainnya yang segar dan nikmat.,Jl. Pulau Batam II No.3, Dauh Puri Kauh, Kec. Denpasar Bar., Kota Denpasar
B_25,Bali,Warung Adnyana,F&B,"Nasi Campur, Tipat Kuah",25.000-50.000,4.6,Main Course,Warung Adnyana menyediakan nasi campur dan tipat kuah dengan harga yang terjangkau dan berkualitas.,(0361) 228800
B_26,Bali,Warung 24/7,F&B,Seafood,>50.000,4.4,Main Course,Warung 24/7 menyediakan banyak pilihan makanan laut serta sayur segar yang cocok untuk dimakan bersama keluarga dan teman terdekat.,https://www.instagram.com/warung247/
B_27,Bali,Warung Seafood Garage,F&B,Seafood,>50.000,5,Main Course,"Warung Seafood Garage menyediakan makanan laut dengan berbagai macam bumbu mulai dari bumbu bali, bumbu pedas, cabe garam, hingga bumbu telur asin.",https://www.instagram.com/warung_seafood_garage/
B_28,Bali,Ayam betutu byangde,F&B,Ayam Betutu,>50.000,4.7,Main Course,Ayam betutu byangde menyediakan ayam betutu khas Bali serta nasi campur yang nikmat.,087858013110
B_29,Bali,Betutu Ibu Rai Kalam,F&B,Ayam Betutu,>50.000,4.6,Main Course,Betutu Ibu Rai Kalam menjual ayam betutu lezat yang cocok untuk dinikmati dalam berbagai acara.,087757334372
B_30,Bali,Cak Tris Seafood Nasional,F&B,Seafood,>50.000,4.3,Main Course,"Cak Tris Seafood Nasional menyediakan berbagai macam makanan laut segar dan lezat mulai dari ikan bakar, ikan goreng, hingga udang.",https://gofood.co.id/id/bali/restaurant/seafood-nasional-cak-tris-223574ea-2497-4e12-99b6-0c9d0ffd82f3
B_31,Bali,Uyah Sera,F&B,Nasi Campur Khas Bali,25.000-50.000,4.5,Main Course,Uyah Sera menyediakan nasi campurr khas Bali serta berbagai macam hidangan barat yang lezat.,https://www.instagram.com/uyahsera.nusadua/?hl=en
B_32,Bali,DC Donut Monang Maning,Munchies,Donat,25.000-50.000,4.1,Snack,"DC Donut Monang Maning menyediakan berbagai macam pilihan donat dengan berbagai rasa, serta menyediakan paket donat ulang tahun yang cocok sebagai hadiah.",082144476747
B_33,Bali,Rabbit Hole Bakery,Munchies,Croissant,25.000-50.000,4.6,Snack,"Rabbit Hole Bakery menyediakan berbagai croissant lezat untuk dinikmati. Tidak hanya itu, Rabbit Hole Bakery juga menyediakan tempat yang nyaman untuk bekerja maupun berkumpul dengan teman.",84XV+JRX, Tibubeneng, Kuta Utara, Badung Regency, Bali
B_34,Bali,Taco Thai Tea,Munchies,Thai Tea,Thai Tea,4.6,Street Snacks,"Taco Thai Tea menjual berbagai minuman manis seperti cappucino, thai tea, dan taro serta camilan lezat seperti tacci bite dan pisang aroma keju. Sempurna untuk mengisi perut di tengah hari.",https://gofood.co.id/id/bali/restaurant/taco-thai-tea-tabanan-e0f2fc1e-407e-45e8-b79f-029a5768a909
B_35,Bali,Momma Juices,Munchies,Jus buah,25.000-50.000,4.7,Snack,Momma Juices menyediakan berbagai pilihan jus buah segar serta salad buah segar yang berkhasiat untuk tubuh.,081338863357
B_36,Bali,Cheese Tea Inc,Munchies,Cheese Tea,25.000-50.000,4.8,Snack,Cheese Tea Inc menjual teh dengan atasan cheese cream yang manis dan lezat.,083850393873
B_37,Bali,Bli.Es,Munchies,"Thai Tea, Greentea, yoghurt",<25.000,4.9,Street Snacks,"Bli.Es menjual berbagai minuman berbahan dasar susu, baik susu kedelai, susu sapi, hingga yogurt.",https://gofood.co.id/id/bali/restaurant/bli-es-gunung-batukaru-7b493003-2218-4839-b301-7a66f75c6a32
B_38,Bali,"Sensasi Kopi, Gajah Mada Tabanan",Munchies,Kopi,<25.000,4.7,Street Snacks,"Sensasi Kopi menjual berbagai minuman segar, mulai dari kopi susu hingga matcha latte dan susu rum regal.",https://gofood.co.id/id/bali/restaurant/sensasi-kopi-gajah-mada-tabanan-4087ed93-f3cf-4795-850a-de9a0bb191d4
B_39,Bali,Gamon Coffe,Munchies,Kopi,<25.000,4.6,Street Snacks,"Gamon Coffe menyediakan berbagai macam kopi terjangkau, mulai dari Americano hingga berbagai kopi susu seperti Coffe Latte dan Moccachino.",https://gofood.co.id/id/bali/restaurant/gamon-coffe-5f04f606-1c08-4ab1-920a-dcaee2ec9f99
B_40,Bali,Buchadi Kombucha,Munchies,Kombucha,25.000-50.000,4.8,Snack,Buchadi Kombucha menyediakan berbagai pilihan teh komucha yang berkhasiat bagi tubuh.,https://gofood.co.id/bali/restaurant/buchadi-kombucha-cempaka-b3c481e0-2bea-489f-b7c0-a5aedd5358c0
B_41,Bali,Panko Ubud,Munchies,"Mille crepes, fruit sandwich, pie buah",<25.000,3.7,Street Snacks,"Panko Ubud menyediakan berbagai macam mille crepes, sandwich buah, serta pie buah segar, cocok sebagai hidangan penutup yang manis.",085156033564
B_42,Bali,Gulali Donuts,Munchies,Donat,25.000-50.000,4.3,Snack,"Gulali Donuts menjual donat dengan berbagai macam topping lezat, cocok untuk dijadikan suatu camilan bagi seluruh kalangan usia.",085737322855
B_43,Bali,Masayu Cakes,Munchies,"Pia, Fudgy Brownies",25.000-50.000,4.2,Snack,"Masayu Cakes menjual hidangan-hidangan manis seperti pia, fudgy brownies, kue ulang tahun, serta nastar untuk dinikmati keluarga.",https://www.instagram.com/masayu_cakes/
B_44,Bali,Bli Ketut Ukir,Craft,Papan nama ukiran,>50.000,5,Household Items,Bli Ketut Ukir menyediakan berbagai macam papan nama ukiran dengan ukiran tradisional Bali yang indah.,https://www.tokopedia.com/bliketut-ukir
B_45,Bali,Zenly Bright,Craft,Nampan kayu jati,>50.000,4.9,Household Items,Zenly Bright menjual berbagai macam alat makan serta alat dapur yang terbuat dari kayu jati.,081390431321
B_46,Bali,Bali Miho,Craft,Kap lampu rotan,>50.000,4.9,Household Items,Bali Miho menjual berbagai macam kap lampu rotan yang cocok untuk menghias rumah Anda.,https://www.tokopedia.com/balimiho
B_47,Bali,Karunia Bali Rotan,Craft,Cermin rotan,>50.000,5,Household Items,Karunia Bali Rotan menjual cermin dengan bingkai rotan dalam berbagai bentuk dan ukuran.,087760368659
B_48,Bali,Swaha Craft Shop,Craft,"Piring kayu, nampan kayu, tempat sabun",<25.000,4.8,Daily Needs,"Swaha Craft Shop menjual berbagai macam keperluan sehari-hari antara lain piring kayu, nampan kayu, tempat sabun.",087760126806
B_49,Bali,Tas Rotan Yola,Craft,Tas Rotan,>50.000,4.9,Souvenir,Tas Rotan Yola menjual tas rotan klasik yang cocok untuk digunakan saat menelusuri pantai-pantai tropis Bali.,081239948671
B_50,Bali,Dream Catcher Bali,Craft,Dream Catcher,25.000-50.000,4.9,Souvenir,"Dream Catcher Bali menjual berbagai macam Dream Catcher indah dengan beragam motif, warna, dan ukuran.",https://www.instagram.com/balidreamcatcher
B_51,Bali,Kipas Bee Handycrafts,Craft,Kipas,>50.000,4.8,Household Items,Kipas Bee Handycrafts menjual kipas tangan dengan pilihan motif yang elegan.,081337600700
B_52,Bali,Craft Dewata,Craft,"Gelang Sangadatu Khas Bali, Gelang Manik",<25.000,4.9,Souvenir,Craft Dewata menjual berbagai macam gelang Bali minimalis yang indah untuk dijadikan oleh-oleh.,081339425375
B_53,Bali,Made Sukawati,Craft,Patung Ukiran Kayu,25.000-50.000,4.8,Daily Needs,Made Sukawati menjual papan nama ukiran kustom yang cocok untuk diletakkan di meja kantor.,https://www.tokopedia.com/madesukawati
B_54,Bali,Nyoman Jami Art Shop,Craft,Topeng Barong,>50.000,5,Souvenir,"Nyoman Jami Art Shop menjual berbagai macam kerajinan khas Bali, seperti toping barong dan topeng-topeng Bali lainnya.",https://www.tokopedia.com/nyomanjami
B_55,Bali,Kusuma Silver,Craft,"Gelang, Cincin, Kalung Silver",>50.000,4.8,Souvenir,"Kusuma Silver menjual beragam perhiasan silver, mulai dari gelang, cincin, hingga kalung yang dalam berbagai bentuk dan ukuran.",https://www.tokopedia.com/kusumasilver
B_56,Bali,Manikwangi Jewelry,Craft,Gelang Manik-Manik,25.000-50.000,4.7,Souvenir,Manikwangi Jewelry menjual gelang manik-manik dengan berbagai warna yang cantik dan beragam bentuk.,https://shopee.co.id/manikwangi_jewelry
B_57,Bali,Sukawati Mesari,Craft,"Gelang Jalin, Gelang Kerang, Kalung Kerang",<25.000,4.9,Souvenir,"Sukawati Mesari menjual berbagai macam gelang, kalung kerang, serta dekorasi rumah yang cocok untuk dijadikan oleh-oleh.",085857606146
B_58,Bali,Alesha Ramadhani,Craft,Kipas Tangan khas Bali,<25.000,5,Daily Needs,Alesha Ramadhani menjual berbagai macam kipas tangan dan oleh oleh khas Bali lainnya.,https://www.tokopedia.com/alesharamadhani
BD_01,Bandung,Mr. Quiliting,Fashion,Puffy bag,>50.000,4.7,Casual Fashion,Mr. Quiliting menjual puffy bag kekinian dalam berbagai ukuran dan warna.,08112209099
BD_02,Bandung,WANSSTORE.CO.ID,Fashion,"Sweater, hoodie",>50.000,4.8,Casual Fashion,WANSSTORE.CO.ID menjual berbagai macam hoodie trendi dengan beragam gambar dan warna.,https://shopee.co.id/wansstore.co
BD_03,Bandung,Starverssy.co,Fashion,Pakaian wanita,25.000-50.000,4.9,Formal Fashion,"Starverssy.co menjual berbagai macam atasan formal wanita yang trendi, cocok untuk digunakan sehari-hari untuk pergi ke kantor.",https://shopee.co.id/starverssy.co
BD_04,Bandung,WHSTL. Store,Fashion,Kaos streetwear,>50.000,4.9,Casual Fashion,"WHSTL. Store menjual berbagai macam kaos streetwear yang trendi, cocok untuk digunakan remaja serta dewasa muda sehari-hari.",https://www.tokopedia.com/whstlofficialshop
BD_05,Bandung,Finewale,Fashion,Kaos dan hoodie polos,>50.000,4.8,Casual Fashion,Finewale menjual berbagai macam kaos dan hoodie polos yang cocok digunakan untuk sehari-hari.,081222305675
BD_06,Bandung,ARD Distro BDG,Fashion,Kaos distro,25.000-50.000,4.5,Casual Fashion,"ARD Distro BDG menjual kaos distro terjangkau dengan berbgaai macam gambar dan motif, baik untuk anak maupun untuk orang dewasa.",https://www.tokopedia.com/ard-distro
BD_07,Bandung,Melatechnotic,Fashion,Batik,>50.000,5,Formal Fashion,Melatechnotic menjual berbagai macam baju batik set serta terusan dengan potongan trendi dan modern.,https://www.instagram.com/melatechnotic/
BD_08,Bandung,Maraya Scraft,Fashion,Hijab,>50.000,4.9,Formal Fashion,Maraya Scraft mejual berbagai macam hijab modern dengan motif-motif feminim yang indah dan cantik.,https://www.instagram.com/marayascarf/
BD_09,Bandung,Versuscity,Fashion,Pakaian muslimah,>50.000,4.9,Formal Fashion,"Versuscity menjual pakaian muslim trendi baik untuk wanita, pria, maupun anak-anak.",081322758261
BD_10,Bandung,Toko SundaOkey,Fashion,Iket Sunda,>50.000,4.5,Formal Fashion,Toko SundaOkey menjual berbagai macam iket Sunda berkualitas dengan beragam motif untuk dipilih.,082321263567
BD_11,Bandung,Ki Sunda Motekar,Fashion,Kemeja Koko,>50.000,4.8,Formal Fashion,"Ki Sunda Motekar menjual kemeja koko dengan berbagai warna yang cocok untuk dikenakan pria. Selain itu, juga tersedia beberapa iket Sunda yang terjangkau.",https://www.tokopedia.com/kisundamotekar
BD_12,Bandung,Neng Lina Kebaya,Fashion,Kebaya,>50.000,4.8,Formal Fashion,"Neng Lina Kebaya menyediakan berbagai macam kebaya yang manis, cocok untuk dikenakan saat acara wisuda serta pernikahan keluarga.",08164864457
BD_13,Bandung,Rumah Kebaya Bandung,Fashion,Kebaya,>50.000,4.8,Formal Fashion,"Rumah Kebaya Bandung menjual berbagai macam kebaya wanita yang elegan dan cantik untuk dikenakan dalam berbagai macam acara. Selain itu, Rumah Kebaya Bandung kuga menyediakan berbagai kemeja diandra motif yang cocok untuk pria.",https://shopee.co.id/rumahkebayasongketbandung
BD_14,Bandung,Manonjaya Batik,Fashion,Batik,>50.000,4.6,Formal Fashion,Manonjaya Batik menyediakan berbagai macam kain batik serta kemeja batik dengan beragam jenis dan motif batik.,(022) 4206605
BD_15,Bandung,Cuanki Endos,Munchies,Cuanki,<25.000,4.7,Street Snacks,Cuanki Endos menyediakan pilihan cuanki yang lezat dan terjangkau serta tempat dengan suasana yang nyaman untuk berkumpul bersama teman.,082145123246
BD_16,Bandung,Cuanki Mangdul 24jam,Munchies,Cuanki,<25.000,4.5,Street Snacks,"Cuanki Mangdul 24jam menjual berbagaii macam cuanki lezat, baik yang kering dan basah serta mie yamin yang mengenyangkan.",085974013742
BD_17,Bandung,Seblak Syahrini,Munchies,Seblak,<25.000,4.4,Street Snacks,"Seblak Syahrini menjual seblak serta berbagai macam suki dengan berbagai pilihan cimol, tahu, basreng yang lezat dan mantap.",082121467818
BD_18,Bandung,Seblak Ooh Bama,Munchies,Seblak,<25.000,4.3,Street Snacks,"Seblak Ooh Bama menjual seblak yang terjangkau dengan berbagai macam siomay, batagor, mie, sosis, baso, jamur putih, sayuran, kerupuk, makroni, dan ceker.",089656623196
BD_19,Bandung,Batagor Kiciwis,Munchies,Batagor,<25.000,4.7,Street Snacks,"Batagor Kiciwis menjual batagor lezat dengan berbagai pilihan tahu, pentol, siomai dengan saus kacang pekat dan sayuran yang segar.",https://gofood.co.id/bandung/restaurant/batagor-kiciwis-halmahera-6431b4be-4c13-42d9-add8-18d7e13c985f
BD_20,Bandung,Batagor Asli Juanda,Munchies,Batagor,<25.000,4.6,Street Snacks,Batagor Asli Juanda menjual batagor lezat terjangkau seta menjual bubu kacang ijo campur untuk dimakan sebagai hidangan penutup.,082216697902
BD_21,Bandung,Es Puter Easy,Munchies,Es puter literan,>50.000,4.6,Snack,Es Puter Easy menjual es puter literan dengan berbagai macam rasa yang cocok untuk dibagikan bersama keluarga dan teman terdekat di rumah.,https://gofood.co.id/id/bandung/restaurant/easy-ice-puter-2208865f-6014-4d5d-9459-778d7b28e209
BD_22,Bandung,Fadya Juice & Es Kelapa,Munchies,Jus Buah,<25.000,4.8,Street Snacks,Fadya Juice & Es Kelapa menjual berbagai macam jus buah segar yang sehat dengan harga yang terjangkau.,https://gofood.co.id/id/bandung/restaurant/fadya-juice-es-kelapa-gudang-utara-9ea86ac9-f6b9-4265-8832-8f3e1bee8bb0
BD_23,Bandung,Milktea Kittyew,Munchies,Milk Tea,<25.000,4.9,Street Snacks,Milktea Kittyew menyediakan bubble tea serta minuman teh segar yang cocok untuk dinikmati semua kalangan usia.,085794567279
BD_24,Bandung,Batagor Riri,Munchies,Batagor,<25.000,4.2,Street Snacks,"Batagor Riri menyediakan batagor lezat dengan berbagai pilihan baso, siomay, dan kuah. Selain itu, Batagor Riri juga menyediakan paket frozen untuk dimasak di rumah secara praktis.",(022) 7303349
BD_25,Bandung,Seblak Ramdhan,Munchies,Seblak,<25.000,4.3,Street Snacks,"Seblak Ramdhan menjual seblak pedas yang nikmat, serta menyediakan paketan seblak mentah yang siap dikirim ke mana saja.",085721557418
BD_26,Bandung,Cuanki Wildan,Munchies,Cuanki,<25.000,4.5,Street Snacks,"Cuanki Wildan menjual berbagai pilihan cuanki, baik goreng maupun kuah dengan bumbu kacang yang nikmat dan kuah yang nikmat.",085315847234
BD_27,Bandung,On.loc,F&B,Masakan Indonesia,25.000-50.000,4.3,Main Course,"On.loc menjual berbagai masakan Indonesia termasuk Sop Juanda, Sop Iga, dan Sop Ayam Kampung yang lezat serta tempat makan yang nyaman.",081253949188
BD_28,Bandung,Sekoteng Joss jahe merah,F&B,Sekoteng,<25.000,4.8,Street Food,"Sekoteng Joss jahe merah menjual sekoteng jahe serta sekoteng rendah gula aren yang terjangkau dan berkualitas. Selain itu, Sekoteng Joss jahe merah juga menjual berbagai pilihan STMJ yang nikmat.",089696931686
BD_29,Bandung,Soto Bandung M. Tarya,F&B,Soto,>50.000,4.4,Main Course,"Soto Bandung M. Tarya menjual soto daging khas Bandung dengan porsi besar, dengan aneka ragam hidangan tambahan seperti kerupuk dan telor asin.",081321744560
BD_30,Bandung,Mie Kocok Semar,F&B,Mie Kocok,25.000-50.000,4.4,Main Course,"Sebagai salah satu mitra UMKM Indomaret, Mie Kocok Semar menjual mie kocok lezat yang terjangkau. Selain itu, Mie Kocok Semar juga menyediakan baso sebagai tambahan lauk.",081222992077
BD_31,Bandung,Mie Kocok Kebun Jukut,F&B,Mie Kocok,25.000-50.000,4.4,Main Course,"Mie Kocok Kebun Jukut menjual mie kocok kaki sapi lezat, dihidangkan dengan daging kaki sapi yang kenyal dan kuah panas.",08122452236
BD_32,Bandung,Mie Kocok Persib Gorowok,F&B,Mie Kocok,25.000-50.000,4.5,Main Course,Mie Kocok Persib Gorowok menjual mie kocok yang lezat dengan daging yang empuk dengan topping daging yang banyak.,081321181900
BD_33,Bandung,Nasi Kuning Sumur Bandung,F&B,Nasi Kuning,<25.000,4.5,Street Food,"Nasi Kuning Sumur Bandung menyediakan nasi kuning lezat dengan ati ampela dan ayam yang lezat. Selain itu, Nasi Kuning Sumur Bandung juga menjual tempe kering secara terpisah yang renyah dan dapat dikonsmsi kapanpun.",081394482609
BD_34,Bandung,Nasi Kuning dan Uduk Pandu Ny. Shelvy,F&B,Nasi Kuning,<25.000,4.6,Street Food,"Nasi Kuning dan Uduk Pandu Ny. Shelvy menyediakan nasi kuning dengan daging rendang nikmat. Selain daging rendang, ada juga tongkol balado, gepuk suir, dan berbagai lauk yang dapat dipilih sesuai dengan selera.",082217489676
BD_35,Bandung,Mie Roemah,F&B,Mie,25.000-50.000,4.6,Main Course,Mie Roemah menyediakan mie rumahan dengan tekstur yang wangi dan kenyal dilengkapi dengan kuah hangat dan beberapa pilihan gorengan yang cocok untuk dimakan secara bersamaan.,(022) 5227295
BD_36,Bandung,Seafood Kiloan Bang Bopak,F&B,Seafood,>50.000,4.2,Main Course,"Seafood Kiloan Bang Bopak menyediakan pilihan ikan, cumi, kerang, dan makanan laut lainnya yang segar dan cocok untuk dinikmati bersama keluarga atau teman terkasih.",088224462650
BD_37,Bandung,Nasi Kalong,F&B,Makanan sehat,25.000-50.000,3.9,Main Course,"Nasi Kalong menyediakan pilihan makanan sehat, dilengkapi dengan nasi merah berkualitas dan sayur yang lezat.",081809991500
BD_38,Bandung,Nasi Kuning Pungkur,F&B,Nasi kuning,<25.000,4.5,Street Food,Nasi Kuning Pungkur menyediakan pilihan nasi kuning yang lezat dengan berbagai pilihan lauk.,Jl. Ancol Barat Jl. Pungkur No.216, Ciateul, Kec. Regol, Kota Bandung
BD_39,Bandung,Soto Bandung Pak Simon,F&B,Soto bandung,>50.000,4.6,Main Course,Soto Bandung Pak Simon menyediakan soto daging khas Bandung yang lezat dilengkapi dengan daging yang empuk dan isian yang banyak. Cocok untuk menemani Anda yang kelaparan.,081322771771
BD_40,Bandung,Sekoteng Jahe Roni,F&B,Sekoteng,<25.000,4.3,Street Food,Sekoteng Jahe Roni menjual sekoteng jahe dan kuah jahe susu dengan harga terjangkau. Cocok bagi semua kalangan untuk menghangatkan badan di tengah cuaca yang dingin.,085170326663
BD_41,Bandung,WETAN Store,Craft,"Lanyard, klip kabel kulit",<25.000,4.6,Daily Needs,"WETAN Store mejual berbagai macam kebutuhan berbahan dasar kulit, seperti lanyard kulit dan klip label kulit. Toko ini juga menyediakan berbagai pilihan sepatu pantofel pria. ",https://www.tokopedia.com/wetanstore/product
BD_42,Bandung,My Pantry,Craft,Toples kaca variatif,>50.000,4.8,Household Items,My Pantry menjual bebragai toples kaca bermotif yang cocok untuk menyimpan makanan kering di rumah dengan penuh estetika.,https://www.tokopedia.com/mypantry
BD_43,Bandung,Rumah Gerabah,Craft,Wajan tanah liat,>50.000,4.7,Household Items,"Rumah Gerabah menjual beragam kerajinan tangan tanah liat khususnya wajan, alas makanan, dan kendi tanah liat yang berkualitas. ",081322514690
BD_44,Bandung,Pengrajin Kayu,Craft,Mebel kayu,>50.000,4.3,Household Items,"Pengrajin Kayu menjual mebel kayu seperti relief ukiran, lemari mainan, meja, dan mimbar mesjid yang berkualitas. ",087821006030
BD_45,Bandung,Nana Pengrajin Loyang,Craft,Loyang makanan,25.000-50.000,4.9,Daily Needs,Nana Pengrajin Loyang merupakan salah satu pengrajin loyang kue yang menjual berbagai macam bentuk loyang sesuai dengan kebutuhan Anda. ,085933159923
BD_46,Bandung,Rustic Hut Craft,Craft,Lampion benang,<25.000,5,Souvenir,Rustic Hut Craft menjual lampion benang dengan berbagai ukuran dan warna. ,https://www.instagram.com/rustic.hut/
BD_47,Bandung,Bale Angklung Bandung,Craft,"Angklung, gamelan, alat musik tradisional",>50.000,4.6,Souvenir,Bale Angklung Bandung menjual angklung padaeng dan angklung sebagai pendidikan. ,082214173445
BD_48,Bandung,Giri Harja Galery Art Wayang Golek,Craft,Wayang Golek,>50.000,4.7,Souvenir,Giri Harja Galery Art Wayang Golek menjual berbagai macam wayang golek berkualitas dengan berbagai motif dan busana.,083844703343
BD_49,Bandung,Wayang Golek Bapak Ramdan,Craft,Wayang Golek,>50.000,5,Souvenir,Wayang Golek Bapak Ramdan menjual Wayang Golek dengan beragam bentuk dan ukuran. Bapak Ramdan sendiri merupakan salah satu pengrajin wayang golek yang terkenal di Braga. ,Jl. Morce, Braga, Kec. Sumur Bandung, Kota Bandung
BD_50,Bandung,Bandung Rustik Market,Craft,Kerajinan rotan,>50.000,4.9,Household Items,Badung Rustik menjual berbagai keranjang dan wadah berkualitas yang terbuat dari rotan.,https://www.tokopedia.com/rusticmarketbdg
BD_51,Bandung,Garasi Craft,Craft,Gantungan kunci,<25.000,5,Souvenir,Garasi Craft menjual berbagai gantungan kunci lucu dan imut dalam beragam bentuk dan ukuran. ,081210646684
BD_52,Bandung,The Dreamer Craft,Craft,Gantungan kunci kulit,>50.000,5,Souvenir,"The Dreamer Craft menjual berbagai kerajinan kulit, dengan salah satu spesialisasinya adalah gantungan kunci kulit. Selain itu, The Dreamer Craft juga menjual tempat paspor dan barang kerajinan kulit lainnya. ",https://www.instagram.com/thedreamercraft/
BD_53,Bandung,Rona Ratu Fashion,Craft,Anting bunga,<25.000,4.8,Souvenir,Rona Ratu Fashion menjual anting bunga mawar berkualitas dalam berbagai warna dan ukuran.,https://shopee.co.id/ronaratu.1
BD_54,Bandung,Diah CraftShop,Craft,Tas Rajut,25.000-50.000,4.9,Souvenir,"Diah CraftShop merupakan toko yang memiliki spesialis dalam tas rajut. Toko ini menjual tas dalam berbagai ukuran dan bentuk, mulai dari tas gendong rajut hingga tas selempang rajut. ",https://www.tokopedia.com/diahcraftshop
BD_55,Bandung,Krizatnik.Craft,Craft,Tas Rajut,25.000-50.000,4.3,Souvenir,"Krizatnik.Craft menjual tas rajut dengan berbagai ukuran dan bentuk. Selain itu, Krizatnik.Craft juga menjual berbagai barang hasil rajutan yang lain, seperti boneka dan topi rajut.",https://www.instagram.com/krizatnik.craft/
